last_name, first_name,player_id,year,b_home_run,
Ortiz, David,120074,2016,38,
Beltre, Adrian,134181,2016,32,
Beltran, Carlos,136860,2016,29,
Werth, Jayson,150029,2016,21,
Martinez, Victor,400121,2016,27,
Utley, Chase,400284,2016,14,
Pujols, Albert,405395,2016,31,
Mauer, Joe,408045,2016,11,
Cabrera, Miguel,408234,2016,38,
Gonzalez, Adrian,408236,2016,18,
Phillips, Brandon,408252,2016,11,
Upton Jr., B.J.,425834,2016,20,
Molina, Yadier,425877,2016,8,
Cano, Robinson,429664,2016,39,
Encarnacion, Edwin,429665,2016,42,
Bautista, Jose,430832,2016,22,
Jones, Adam,430945,2016,29,
Martin, Russell,431145,2016,20,
Granderson, Curtis,434158,2016,30,
Pagan, Angel,434636,2016,12,
Ramirez, Hanley,434670,2016,30,
Morales, Kendrys,434778,2016,30,
Kendrick III, Howie,435062,2016,8,
Napoli, Mike,435063,2016,34,
Kinsler, Ian,435079,2016,28,
Desmond, Ian,435622,2016,22,
Cruz Jr., Nelson,443558,2016,43,
Trumbo, Mark,444432,2016,47,
Escobar, Alcides,444876,2016,7,
Prado, Martin,445988,2016,8,
Longoria, Evan,446334,2016,36,
Cozart, Zack,446359,2016,16,
Davis, Chris,448801,2016,38,
Zobrist, Ben,450314,2016,18,
Fowler, Dexter,451594,2016,13,
Headley, Chase,452104,2016,14,
Span, Denard,452655,2016,11,
Cabrera, Asdrubal,452678,2016,23,
Ellsbury, Jacoby,453056,2016,9,
Tulowitzki, Troy,453064,2016,24,
Blackmon, Charlie,453568,2016,29,
Frazier, Todd,453943,2016,40,
Markakis, Nick,455976,2016,13,
Pedroia, Dustin,456030,2016,15,
Nunez, Eduardo,456488,2016,16,
McCutchen, Andrew,457705,2016,24,
Upton, Justin,457708,2016,31,
Turner, Justin,457759,2016,27,
Posey III, Buster,457763,2016,14,
Espinosa, Danny,457787,2016,24,
Bruce, Jay,457803,2016,33,
Votto, Joey,458015,2016,29,
Gardner, Brett,458731,2016,7,
Saunders, Michael,459431,2016,24,
Braun, Ryan,460075,2016,30,
Gordon, Alex,460086,2016,17,
Kemp, Matt,461314,2016,35,
Andrus, Elvis,462101,2016,8,
Cabrera, Melky,466320,2016,14,
Ramos, Wilson,467092,2016,22,
Santana, Carlos,467793,2016,34,
Gonzalez, Carlos,471865,2016,25,
Mercer, Jordy,474568,2016,11,
Belt, Brandon,474832,2016,17,
Carter, Chris,474892,2016,41,
Alonso, Yonder,475174,2016,7,
Escobar, Yunel,488862,2016,5,
Cespedes, Yoenis,493316,2016,31,
Ramirez, Alexei,493351,2016,6,
Davis, Khris,501981,2016,42,
Martinez, J.D.,502110,2016,22,
Valencia, Danny,502143,2016,17,
Murphy, Daniel,502517,2016,25,
Goldschmidt, Paul,502671,2016,24,
Gonzalez, Marwin,503556,2016,13,
Altuve, Jose,514888,2016,24,
Hernandez, Cesar,514917,2016,6,
Segura, Jean,516416,2016,20,
Castro, Starlin,516770,2016,21,
Marte, Starling,516782,2016,9,
Donaldson, Josh,518626,2016,37,
Freeman, Freddie,518692,2016,34,
Heyward, Jason,518792,2016,7,
LeMahieu, DJ,518934,2016,11,
Lucroy, Jonathan,518960,2016,24,
Moreland, Mitch,519048,2016,22,
Rizzo, Anthony,519203,2016,32,
Vogt, Stephen,519390,2016,14,
Galvis, Freddy,520471,2016,20,
Perez, Salvador,521692,2016,22,
Forsythe, Logan,523253,2016,20,
Inciarte, Ender,542255,2016,3,
Ozuna, Marcell,542303,2016,23,
Villar, Jonathan,542340,2016,19,
Crawford, Brandon,543063,2016,12,
Harrison, Josh,543281,2016,4,
Hosmer, Eric,543333,2016,25,
Kipnis, Jason,543401,2016,23,
Miller, Brad,543543,2016,30,
Rendon, Anthony,543685,2016,20,
Semien, Marcus,543760,2016,27,
Shaw, Travis,543768,2016,16,
Springer III, George,543807,2016,29,
Gregorius, Didi,544369,2016,20,
Trout, Mike,545361,2016,29,
Herrera, Odubel,546318,2016,15,
Harper, Bryce,547180,2016,24,
Martin, Leonys,547982,2016,15,
Abreu, Jose,547989,2016,25,
Suarez, Eugenio,553993,2016,21,
Polanco, Gregory,570256,2016,22,
Schoop, Jonathan,570731,2016,25,
Arenado, Nolan,571448,2016,41,
Gennett, Scooter,571697,2016,14,
Lamb, Jake,571875,2016,29,
Myers, Wil,571976,2016,28,
Piscotty, Stephen,572039,2016,22,
Seager, Kyle,572122,2016,30,
Carpenter, Matt,572761,2016,21,
Dickerson, Corey,572816,2016,24,
Dozier, Brian,572821,2016,42,
Iglesias, Jose,578428,2016,4,
Hechavarria, Adeiny,588751,2016,3,
Bryant, Kris,592178,2016,39,
Machado, Manny,592518,2016,37,
Realmuto, J.T.,592663,2016,11,
Yelich, Christian,592885,2016,21,
Bogaerts, Xander,593428,2016,21,
Calhoun, Kole,594777,2016,18,
Duvall, Adam,594807,2016,33,
Eaton, Adam,594809,2016,14,
Lindor, Francisco,596019,2016,15,
Odor, Rougned,596059,2016,33,
Cuthbert, Cheslor,596144,2016,12,
Franco, Maikel,596748,2016,25,
Bradley Jr., Jackie,598265,2016,26,
Betts, Mookie,605141,2016,31,
Panik, Joe,605412,2016,10,
Pillar, Kevin,607680,2016,7,
Ramirez, Jose,608070,2016,11,
Russell, Addison,608365,2016,21,
Seager, Corey,608369,2016,26,
Mazara, Nomar,608577,2016,20,
Garcia, Adonis,611177,2016,14,
Correa, Carlos,621043,2016,20,
Tomas, Yasmany,630111,2016,31,
Martinez, Victor,400121,2018,9,
Mauer, Joe,408045,2018,6,
Choo, Shin-Soo,425783,2018,21,
Molina, Yadier,425877,2018,20,
Encarnacion, Edwin,429665,2018,32,
Jones, Adam,430945,2018,15,
Kinsler, Ian,435079,2018,14,
Desmond, Ian,435622,2018,22,
Cruz Jr., Nelson,443558,2018,37,
Peralta, David,444482,2018,30,
Escobar, Alcides,444876,2018,4,
Jay, Jon,445055,2018,3,
Longoria, Evan,446334,2018,16,
Davis, Chris,448801,2018,16,
Zobrist, Ben,450314,2018,9,
Cabrera, Asdrubal,452678,2018,23,
Blackmon, Charlie,453568,2018,29,
Markakis, Nick,455976,2018,14,
Nunez, Eduardo,456488,2018,10,
Cain, Lorenzo,456715,2018,10,
McCutchen, Andrew,457705,2018,20,
Upton, Justin,457708,2018,30,
Votto, Joey,458015,2018,12,
Gardner, Brett,458731,2018,12,
Gordon, Alex,460086,2018,13,
Kemp, Matt,461314,2018,21,
Santana, Carlos,467793,2018,24,
Gonzalez, Carlos,471865,2018,16,
Alonso, Yonder,475174,2018,23,
Smoak, Justin,475253,2018,25,
Lowrie, Jed,476704,2018,23,
Brantley Jr., Michael,488726,2018,17,
Gurriel, Yuli,493329,2018,13,
Solarte, Yangervis,500208,2018,17,
Rojas, Miguel,500743,2018,11,
Escobar, Eduardo,500871,2018,23,
Martinez, Jose,500874,2018,17,
Davis, Khris,501981,2018,48,
Pham, Tommy,502054,2018,21,
Martinez, J.D.,502110,2018,43,
Goldschmidt, Paul,502671,2018,33,
Gonzalez, Marwin,503556,2018,16,
Altuve, Jose,514888,2018,13,
Hernandez, Cesar,514917,2018,15,
Segura, Jean,516416,2018,10,
Castro, Starlin,516770,2018,12,
Marte, Starling,516782,2018,20,
Dietrich, Derek,518618,2018,16,
Freeman, Freddie,518692,2018,23,
Grandal, Yasmani,518735,2018,24,
LeMahieu, DJ,518934,2018,15,
Moustakas, Mike,519058,2018,28,
Rizzo, Anthony,519203,2018,25,
Stanton, Giancarlo,519317,2018,38,
Galvis, Freddy,520471,2018,13,
Perez, Salvador,521692,2018,27,
Inciarte, Ender,542255,2018,10,
Ozuna, Marcell,542303,2018,23,
Villar, Jonathan,542340,2018,14,
Aguilar, Jesus,542583,2018,35,
Crawford, Brandon,543063,2018,14,
Cron, C.J.,543068,2018,30,
Hicks, Aaron,543305,2018,27,
Hosmer, Eric,543333,2018,18,
Kipnis, Jason,543401,2018,18,
Rendon, Anthony,543685,2018,24,
Semien, Marcus,543760,2018,15,
Shaw, Travis,543768,2018,32,
Springer III, George,543807,2018,22,
Strange-Gordon, Dee,543829,2018,4,
Gregorius, Didi,544369,2018,27,
Trout, Mike,545361,2018,39,
Herrera, Odubel,546318,2018,22,
Harper, Bryce,547180,2018,34,
Abreu, Jose,547989,2018,22,
Suarez, Eugenio,553993,2018,34,
Polanco, Gregory,570256,2018,23,
Sanchez, Yolmer,570560,2018,8,
Arenado, Nolan,571448,2018,38,
Barnhart, Tucker,571466,2018,10,
Gennett, Scooter,571697,2018,23,
Hamilton, Billy,571740,2018,4,
Haniger, Mitch,571745,2018,26,
Piscotty, Stephen,572039,2018,27,
Seager, Kyle,572122,2018,22,
Carpenter, Matt,572761,2018,36,
Dickerson, Corey,572816,2018,13,
Dozier, Brian,572821,2018,21,
Contreras, Willson,575929,2018,10,
Castellanos, Nick,592206,2018,23,
Healy, Ryon,592387,2018,24,
Machado, Manny,592518,2018,37,
Realmuto, J.T.,592663,2018,21,
Rosario, Eddie,592696,2018,24,
Simmons, Andrelton,592743,2018,11,
Yelich, Christian,592885,2018,36,
Merrifield, Whit,593160,2018,12,
Bogaerts, Xander,593428,2018,23,
Calhoun, Kole,594777,2018,19,
Profar, Jurickson,595777,2018,20,
Baez, Javier,595879,2018,34,
Lindor, Francisco,596019,2018,38,
Odor, Rougned,596059,2018,18,
Story, Trevor,596115,2018,37,
Kepler, Max,596146,2018,20,
Bradley Jr., Jackie,598265,2018,13,
Candelario, Jeimer,600869,2018,19,
Ahmed, Nick,605113,2018,16,
Anderson, Brian,605119,2018,11,
Bell, Josh,605137,2018,12,
Betts, Mookie,605141,2018,32,
Smith, Mallex,605480,2018,2,
Hernandez, Teoscar,606192,2018,22,
Peraza, Jose,606299,2018,14,
Marte, Ketel,606466,2018,14,
Nimmo, Brandon,607043,2018,17,
Turner, Trea,607208,2018,19,
Pillar, Kevin,607680,2018,15,
Ramirez, Jose,608070,2018,39,
Bregman, Alex,608324,2018,31,
Gallo, Joey,608336,2018,40,
Mazara, Nomar,608577,2018,20,
Andujar, Miguel,609280,2018,27,
Swanson, Dansby,621020,2018,14,
Taylor, Chris,621035,2018,17,
Wendle, Joey,621563,2018,7,
Olson, Matt,621566,2018,29,
Duffy, Matt,622110,2018,4,
Margot, Manuel,622534,2018,8,
Camargo, Johan,622666,2018,19,
Conforto, Michael,624424,2018,28,
Anderson, Tim,641313,2018,20,
Bellinger, Cody,641355,2018,25,
Mancini III, Trey,641820,2018,24,
Rosario, Amed,642708,2018,9,
Benintendi, Andrew,643217,2018,16,
Albies, Ozzie,645277,2018,24,
Chapman, Matt,656305,2018,24,
Hoskins, Rhys,656555,2018,34,
Schwarber, Kyle,656941,2018,26,
Moncada, Yoan,660162,2018,17,
Beltran, Carlos,136860,2017,14,
Pujols, Albert,405395,2017,23,
Mauer, Joe,408045,2017,7,
Cabrera, Miguel,408234,2017,16,
Phillips, Brandon,408252,2017,13,
Reyes, Jose,408314,2017,15,
Choo, Shin-Soo,425783,2017,22,
Molina, Yadier,425877,2017,18,
Cano, Robinson,429664,2017,23,
Encarnacion, Edwin,429665,2017,38,
Bautista, Jose,430832,2017,23,
Jones, Adam,430945,2017,26,
Granderson, Curtis,434158,2017,26,
Ramirez, Hanley,434670,2017,23,
Morales, Kendrys,434778,2017,28,
Kinsler, Ian,435079,2017,22,
Cruz Jr., Nelson,443558,2017,39,
Trumbo, Mark,444432,2017,23,
Peralta, David,444482,2017,14,
Escobar, Alcides,444876,2017,6,
Longoria, Evan,446334,2017,20,
Cozart, Zack,446359,2017,24,
Reynolds, Mark,448602,2017,30,
Davis, Chris,448801,2017,26,
Headley, Chase,452104,2017,12,
Pence, Hunter,452254,2017,13,
Span, Denard,452655,2017,12,
Cabrera, Asdrubal,452678,2017,14,
Blackmon, Charlie,453568,2017,37,
Frazier, Todd,453943,2017,27,
Markakis, Nick,455976,2017,8,
Cain, Lorenzo,456715,2017,15,
McCutchen, Andrew,457705,2017,28,
Upton, Justin,457708,2017,35,
Turner, Justin,457759,2017,21,
Posey III, Buster,457763,2017,12,
Bruce, Jay,457803,2017,36,
Votto, Joey,458015,2017,36,
Gardner, Brett,458731,2017,21,
Joyce, Matt,459964,2017,25,
Gordon, Alex,460086,2017,9,
Andrus, Elvis,462101,2017,20,
Cabrera, Melky,466320,2017,17,
Santana, Carlos,467793,2017,23,
Gonzalez, Carlos,471865,2017,14,
Mercer, Jordy,474568,2017,14,
Alonso, Yonder,475174,2017,28,
Smoak, Justin,475253,2017,38,
Zimmerman, Ryan,475582,2017,36,
Lowrie, Jed,476704,2017,14,
Morrison, Logan,489149,2017,38,
Gurriel, Yuli,493329,2017,18,
Solarte, Yangervis,500208,2017,18,
Freese, David,501896,2017,10,
Davis, Khris,501981,2017,43,
Pham, Tommy,502054,2017,23,
Reddick, Josh,502210,2017,13,
Murphy, Daniel,502517,2017,23,
Goldschmidt, Paul,502671,2017,36,
Gonzalez, Marwin,503556,2017,23,
Altuve, Jose,514888,2017,24,
Hernandez, Cesar,514917,2017,9,
Segura, Jean,516416,2017,11,
Freeman, Freddie,518692,2017,28,
LeMahieu, DJ,518934,2017,8,
Moreland, Mitch,519048,2017,22,
Moustakas, Mike,519058,2017,38,
Rizzo, Anthony,519203,2017,32,
Souza Jr., Steven,519306,2017,30,
Stanton, Giancarlo,519317,2017,59,
Thames, Eric,519346,2017,31,
Galvis, Freddy,520471,2017,12,
Garcia, Avisail,541645,2017,18,
Inciarte, Ender,542255,2017,11,
Ozuna, Marcell,542303,2017,37,
Beckham, Tim,542921,2017,22,
Crawford, Brandon,543063,2017,14,
Harrison, Josh,543281,2017,16,
Hosmer, Eric,543333,2017,25,
Rendon, Anthony,543685,2017,25,
Shaw, Travis,543768,2017,31,
Springer III, George,543807,2017,34,
Strange-Gordon, Dee,543829,2017,2,
Gregorius, Didi,544369,2017,25,
Trout, Mike,545361,2017,33,
Herrera, Odubel,546318,2017,14,
Abreu, Jose,547989,2017,33,
Suarez, Eugenio,553993,2017,26,
Santana, Domingo,570267,2017,30,
Sanchez, Yolmer,570560,2017,12,
Schoop, Jonathan,570731,2017,32,
Arenado, Nolan,571448,2017,37,
Hamilton, Billy,571740,2017,4,
Joseph, Tommy,571830,2017,22,
Lamb, Jake,571875,2017,30,
Myers, Wil,571976,2017,30,
Seager, Kyle,572122,2017,27,
Carpenter, Matt,572761,2017,23,
Dickerson, Corey,572816,2017,27,
Dozier, Brian,572821,2017,34,
Bryant, Kris,592178,2017,29,
Castellanos, Nick,592206,2017,26,
Gamel, Ben,592325,2017,11,
Healy, Ryon,592387,2017,25,
Judge, Aaron,592450,2017,52,
Machado, Manny,592518,2017,33,
Realmuto, J.T.,592663,2017,17,
Rosario, Eddie,592696,2017,27,
Simmons, Andrelton,592743,2017,14,
Yelich, Christian,592885,2017,18,
Merrifield, Whit,593160,2017,19,
Bogaerts, Xander,593428,2017,10,
Polanco, Jorge,593871,2017,13,
Calhoun, Kole,594777,2017,19,
Duvall, Adam,594807,2017,31,
Schebler, Scott,594988,2017,30,
Baez, Javier,595879,2017,23,
Lindor, Francisco,596019,2017,33,
Odor, Rougned,596059,2017,30,
Story, Trevor,596115,2017,24,
Sanchez, Gary,596142,2017,33,
Kepler, Max,596146,2017,19,
Franco, Maikel,596748,2017,24,
Bradley Jr., Jackie,598265,2017,17,
Bell, Josh,605137,2017,26,
Betts, Mookie,605141,2017,24,
Panik, Joe,605412,2017,10,
Arcia, Orlando,606115,2017,15,
Peraza, Jose,606299,2017,5,
Pillar, Kevin,607680,2017,16,
Ramirez, Jose,608070,2017,29,
Bregman, Alex,608324,2017,19,
Gallo, Joey,608336,2017,41,
Seager, Corey,608369,2017,22,
Mazara, Nomar,608577,2017,20,
Swanson, Dansby,621020,2017,6,
Taylor, Chris,621035,2017,21,
Buxton, Byron,621439,2017,16,
Margot, Manuel,622534,2017,13,
Puig, Yasiel,624577,2017,28,
Anderson, Tim,641313,2017,17,
Bellinger, Cody,641355,2017,39,
Mancini III, Trey,641820,2017,24,
Benintendi, Andrew,643217,2017,20,
Cabrera, Miguel,408234,2020,10,
Cruz Jr., Nelson,443558,2020,16,
Peralta, David,444482,2020,5,
Longoria, Evan,446334,2020,7,
Cabrera, Asdrubal,452678,2020,8,
Blackmon, Charlie,453568,2020,6,
Solano, Donovan,456781,2020,3,
McCutchen, Andrew,457705,2020,10,
Votto, Joey,458015,2020,11,
Santana, Carlos,467793,2020,8,
Brantley Jr., Michael,488726,2020,5,
Gurriel, Yuli,493329,2020,6,
Escobar, Eduardo,500871,2020,4,
Martinez, J.D.,502110,2020,7,
Reddick, Josh,502210,2020,4,
Goldschmidt, Paul,502671,2020,6,
Gonzalez, Marwin,503556,2020,5,
Altuve, Jose,514888,2020,5,
Hernandez, Cesar,514917,2020,3,
Segura, Jean,516416,2020,7,
Marte, Starling,516782,2020,6,
Freeman, Freddie,518692,2020,13,
Grandal, Yasmani,518735,2020,8,
LeMahieu, DJ,518934,2020,10,
Rizzo, Anthony,519203,2020,11,
Flores, Wilmer,527038,2020,12,
Garcia, Avisail,541645,2020,2,
Ozuna, Marcell,542303,2020,18,
Villar, Jonathan,542340,2020,2,
Aguilar, Jesus,542583,2020,8,
Crawford, Brandon,543063,2020,8,
Grossman, Robbie,543257,2020,8,
Hicks, Aaron,543305,2020,6,
Rendon, Anthony,543685,2020,9,
Semien, Marcus,543760,2020,7,
Springer III, George,543807,2020,14,
Vazquez, Christian,543877,2020,7,
Wong, Kolten,543939,2020,1,
Gregorius, Didi,544369,2020,10,
Grichuk, Randal,545341,2020,12,
Trout, Mike,545361,2020,17,
Ruiz, Rio,547004,2020,9,
Harper, Bryce,547180,2020,13,
Abreu, Jose,547989,2020,19,
Suarez, Eugenio,553993,2020,15,
Gonzalez, Erik,570481,2020,3,
Arenado, Nolan,571448,2020,8,
Muncy, Max,571970,2020,12,
Myers, Wil,571976,2020,15,
Pollock, AJ,572041,2020,16,
Seager, Kyle,572122,2020,9,
Voit III, Luke,572228,2020,22,
Walker, Christian,572233,2020,7,
Dickerson, Corey,572816,2020,7,
Yastrzemski, Mike,573262,2020,10,
Contreras, Willson,575929,2020,7,
Canha, Mark,592192,2020,5,
Castellanos, Nick,592206,2020,14,
Machado, Manny,592518,2020,16,
Moran, Colin,592567,2020,10,
Realmuto, J.T.,592663,2020,11,
Rosario, Eddie,592696,2020,13,
Yelich, Christian,592885,2020,12,
Merrifield, Whit,593160,2020,9,
Bogaerts, Xander,593428,2020,11,
Alberto, Hanser,593643,2020,3,
Polanco, Jorge,593871,2020,4,
Sano, Miguel,593934,2020,13,
Calhoun, Kole,594777,2020,16,
Duvall, Adam,594807,2020,16,
Profar, Jurickson,595777,2020,7,
Baez, Javier,595879,2020,8,
Lindor, Francisco,596019,2020,8,
Story, Trevor,596115,2020,11,
Kepler, Max,596146,2020,9,
Franco, Maikel,596748,2020,8,
Bradley Jr., Jackie,598265,2020,7,
La Stella, Tommy,600303,2020,5,
Nunez, Renato,600524,2020,12,
Candelario, Jeimer,600869,2020,7,
Ahmed, Nick,605113,2020,5,
Anderson, Brian,605119,2020,11,
Bell, Josh,605137,2020,8,
Betts, Mookie,605141,2020,16,
Davis, J.D.,605204,2020,6,
Arcia, Orlando,606115,2020,5,
Tapia, Raimel,606132,2020,1,
Hernandez, Teoscar,606192,2020,16,
Marte, Ketel,606466,2020,2,
Nimmo, Brandon,607043,2020,8,
Turner, Trea,607208,2020,12,
Pillar, Kevin,607680,2020,6,
Ramirez, Jose,608070,2020,17,
Gallo, Joey,608336,2020,10,
Seager, Corey,608369,2020,15,
Mondesi, Adalberto,609275,2020,6,
Reyes, Franmil,614177,2020,9,
Swanson, Dansby,621020,2020,10,
Taylor, Chris,621035,2020,8,
Correa, Carlos,621043,2020,5,
Olson, Matt,621566,2020,14,
Reyes, Victor,622682,2020,4,
Alonso, Pete,624413,2020,16,
Biggio, Cavan,624415,2020,8,
Conforto, Michael,624424,2020,9,
Frazier, Adam,624428,2020,7,
Cronenworth, Jake,630105,2020,4,
Anderson, Tim,641313,2020,10,
Bellinger, Cody,641355,2020,12,
Crawford, J.P.,641487,2020,2,
Dozier, Hunter,641531,2020,6,
Lewis, Kyle,641786,2020,11,
McMahon, Ryan,641857,2020,9,
Smith, Dominic,642086,2020,10,
Adames, Willy,642715,2020,8,
Kiner-Falefa, Isiah,643396,2020,3,
McNeil, Jeff,643446,2020,4,
Robles, Victor,645302,2020,3,
Devers, Rafael,646240,2020,11,
Jimenez, Eloy,650391,2020,14,
Schwarber, Kyle,656941,2020,11,
Verdugo, Alex,657077,2020,6,
White, Evan,657108,2020,8,
Laureano, Ramon,657656,2020,6,
Moncada, Yoan,660162,2020,6,
Acuna Jr., Ronald,660670,2020,14,
Riley, Austin,663586,2020,8,
Tucker, Kyle,663656,2020,9,
Grisham, Trent,663757,2020,10,
Happ, Ian,664023,2020,12,
Lowe, Brandon,664040,2020,14,
Fletcher, David,664058,2020,3,
Tatis Jr., Fernando,665487,2020,17,
Guerrero Jr., Vladimir,665489,2020,9,
Soto, Juan,665742,2020,13,
Gurriel Jr., Lourdes,666971,2020,11,
Reynolds, Bryan,668804,2020,7,
Edman, Tommy,669242,2020,5,
Solak, Nick,669256,2020,2,
Hiura, Keston,669374,2020,13,
Lopez, Nicky,670032,2020,1,
Robert, Luis,673357,2020,11,
Pujols, Albert,405395,2019,23,
Cabrera, Miguel,408234,2019,12,
Choo, Shin-Soo,425783,2019,24,
Jones, Adam,430945,2019,16,
Cruz Jr., Nelson,443558,2019,41,
Longoria, Evan,446334,2019,20,
Fowler, Dexter,451594,2019,19,
Cabrera, Asdrubal,452678,2019,18,
Blackmon, Charlie,453568,2019,32,
Cain, Lorenzo,456715,2019,11,
Turner, Justin,457759,2019,27,
Votto, Joey,458015,2019,15,
Gardner, Brett,458731,2019,28,
Braun, Ryan,460075,2019,22,
Gordon, Alex,460086,2019,13,
Andrus, Elvis,462101,2019,12,
Ramos, Wilson,467092,2019,14,
Santana, Carlos,467793,2019,34,
Belt, Brandon,474832,2019,17,
Brantley Jr., Michael,488726,2019,22,
Gurriel, Yuli,493329,2019,31,
Rojas, Miguel,500743,2019,5,
Escobar, Eduardo,500871,2019,35,
Davis, Khris,501981,2019,23,
Pham, Tommy,502054,2019,21,
Martinez, J.D.,502110,2019,36,
Reddick, Josh,502210,2019,14,
Goldschmidt, Paul,502671,2019,34,
Altuve, Jose,514888,2019,31,
Hernandez, Cesar,514917,2019,14,
Segura, Jean,516416,2019,12,
Castro, Starlin,516770,2019,22,
Marte, Starling,516782,2019,23,
Donaldson, Josh,518626,2019,37,
Freeman, Freddie,518692,2019,38,
Grandal, Yasmani,518735,2019,28,
Heyward, Jason,518792,2019,21,
LeMahieu, DJ,518934,2019,26,
Moustakas, Mike,519058,2019,35,
Rizzo, Anthony,519203,2019,27,
Galvis, Freddy,520471,2019,23,
Garcia, Avisail,541645,2019,20,
Ozuna, Marcell,542303,2019,29,
Villar, Jonathan,542340,2019,24,
Santana, Danny,542454,2019,28,
Crawford, Brandon,543063,2019,11,
Hosmer, Eric,543333,2019,22,
Kipnis, Jason,543401,2019,17,
Rendon, Anthony,543685,2019,34,
Semien, Marcus,543760,2019,33,
Springer III, George,543807,2019,39,
Vazquez, Christian,543877,2019,23,
Wong, Kolten,543939,2019,11,
Garcia, Leury,544725,2019,8,
Grichuk, Randal,545341,2019,31,
Trout, Mike,545361,2019,45,
Harper, Bryce,547180,2019,35,
Abreu, Jose,547989,2019,33,
Suarez, Eugenio,553993,2019,49,
Santana, Domingo,570267,2019,21,
Sanchez, Yolmer,570560,2019,2,
Arenado, Nolan,571448,2019,41,
Muncy, Max,571970,2019,35,
Voit III, Luke,572228,2019,21,
Walker, Christian,572233,2019,29,
Iglesias, Jose,578428,2019,11,
Bryant, Kris,592178,2019,31,
Castellanos, Nick,592206,2019,27,
Machado, Manny,592518,2019,32,
Moran, Colin,592567,2019,13,
Pederson, Joc,592626,2019,36,
Realmuto, J.T.,592663,2019,25,
Rosario, Eddie,592696,2019,32,
Yelich, Christian,592885,2019,44,
Merrifield, Whit,593160,2019,16,
Bogaerts, Xander,593428,2019,33,
Alberto, Hanser,593643,2019,12,
Polanco, Jorge,593871,2019,22,
Calhoun, Kole,594777,2019,33,
Eaton, Adam,594809,2019,15,
Profar, Jurickson,595777,2019,20,
Baez, Javier,595879,2019,29,
Lindor, Francisco,596019,2019,32,
Odor, Rougned,596059,2019,30,
Story, Trevor,596115,2019,35,
Vogelbach, Daniel,596129,2019,30,
Kepler, Max,596146,2019,36,
Bradley Jr., Jackie,598265,2019,21,
Nunez, Renato,600524,2019,31,
Ahmed, Nick,605113,2019,19,
Anderson, Brian,605119,2019,20,
Bell, Josh,605137,2019,37,
Betts, Mookie,605141,2019,29,
Smith, Mallex,605480,2019,6,
Arcia, Orlando,606115,2019,15,
Marte, Ketel,606466,2019,32,
Turner, Trea,607208,2019,19,
Pillar, Kevin,607680,2019,21,
Ramirez, Jose,608070,2019,23,
Bregman, Alex,608324,2019,41,
Seager, Corey,608369,2019,19,
Reyes, Franmil,614177,2019,37,
Swanson, Dansby,621020,2019,17,
Newman, Kevin,621028,2019,12,
Olson, Matt,621566,2019,36,
Alonso, Pete,624413,2019,53,
Conforto, Michael,624424,2019,33,
Frazier, Adam,624428,2019,10,
Puig, Yasiel,624577,2019,24,
Soler, Jorge,624585,2019,48,
Meadows, Austin,640457,2019,33,
Anderson, Tim,641313,2019,18,
Bellinger, Cody,641355,2019,47,
Dozier, Hunter,641531,2019,26,
Mancini III, Trey,641820,2019,35,
McMahon, Ryan,641857,2019,24,
Rosario, Amed,642708,2019,15,
Adames, Willy,642715,2019,20,
Benintendi, Andrew,643217,2019,13,
McNeil, Jeff,643446,2019,23,
Albies, Ozzie,645277,2019,24,
Robles, Victor,645302,2019,17,
Devers, Rafael,646240,2019,32,
Jimenez, Eloy,650391,2019,31,
Torres, Gleyber,650402,2019,38,
Chapman, Matt,656305,2019,36,
Hoskins, Rhys,656555,2019,29,
Schwarber, Kyle,656941,2019,38,
DeJong, Paul,657557,2019,30,
Moncada, Yoan,660162,2019,25,
Acuna Jr., Ronald,660670,2019,41,
Fletcher, David,664058,2019,6,
Guerrero Jr., Vladimir,665489,2019,15,
Soto, Juan,665742,2019,34,
Reynolds, Bryan,668804,2019,16,
Cabrera, Miguel,408234,2021,15,
Cruz Jr., Nelson,443558,2021,32,
Peralta, David,444482,2021,8,
Blackmon, Charlie,453568,2021,13,
McCutchen, Andrew,457705,2021,27,
Turner, Justin,457759,2021,27,
Votto, Joey,458015,2021,36,
Andrus, Elvis,462101,2021,3,
Santana, Carlos,467793,2021,19,
Lowrie, Jed,476704,2021,14,
Brantley Jr., Michael,488726,2021,8,
Gurriel, Yuli,493329,2021,15,
Rojas, Miguel,500743,2021,9,
Escobar, Eduardo,500871,2021,28,
Pham, Tommy,502054,2021,15,
Martinez, J.D.,502110,2021,28,
Goldschmidt, Paul,502671,2021,31,
Altuve, Jose,514888,2021,31,
Hernandez, Cesar,514917,2021,21,
Segura, Jean,516416,2021,14,
Marte, Starling,516782,2021,12,
Donaldson, Josh,518626,2021,26,
Freeman, Freddie,518692,2021,31,
LeMahieu, DJ,518934,2021,10,
Rizzo, Anthony,519203,2021,22,
Stanton, Giancarlo,519317,2021,35,
Perez, Salvador,521692,2021,48,
Garcia, Avisail,541645,2021,29,
Villar, Jonathan,542340,2021,18,
Aguilar, Jesus,542583,2021,22,
Crawford, Brandon,543063,2021,24,
Cron, C.J.,543068,2021,28,
Grossman, Robbie,543257,2021,23,
Harrison, Josh,543281,2021,8,
Hosmer, Eric,543333,2021,12,
Semien, Marcus,543760,2021,45,
Grichuk, Randal,545341,2021,22,
Harper, Bryce,547180,2021,35,
Abreu, Jose,547989,2021,30,
Suarez, Eugenio,553993,2021,31,
Schoop, Jonathan,570731,2021,22,
Arenado, Nolan,571448,2021,34,
Farmer, Kyle,571657,2021,16,
Haniger, Mitch,571745,2021,39,
Hernandez, Enrique,571771,2021,20,
Muncy, Max,571970,2021,36,
Seager, Kyle,572122,2021,35,
Taylor, Michael A.,572191,2021,12,
Yastrzemski, Mike,573262,2021,25,
Iglesias, Jose,578428,2021,9,
Bryant, Kris,592178,2021,25,
Canha, Mark,592192,2021,17,
Castellanos, Nick,592206,2021,34,
Judge, Aaron,592450,2021,39,
Machado, Manny,592518,2021,28,
Realmuto, J.T.,592663,2021,17,
Renfroe, Hunter,592669,2021,31,
Merrifield, Whit,593160,2021,10,
Bogaerts, Xander,593428,2021,23,
Polanco, Jorge,593871,2021,33,
Sano, Miguel,593934,2021,30,
Duvall, Adam,594807,2021,38,
Baez, Javier,595879,2021,31,
Lindor, Francisco,596019,2021,20,
Story, Trevor,596115,2021,24,
Candelario, Jeimer,600869,2021,16,
Bell, Josh,605137,2021,27,
Betts, Mookie,605141,2021,23,
Tapia, Raimel,606132,2021,6,
Hernandez, Teoscar,606192,2021,32,
Turner, Trea,607208,2021,28,
Ramirez, Jose,608070,2021,36,
Gallo, Joey,608336,2021,38,
Swanson, Dansby,621020,2021,27,
Newman, Kevin,621028,2021,5,
Taylor, Chris,621035,2021,20,
Correa, Carlos,621043,2021,26,
Olson, Matt,621566,2021,39,
Alonso, Pete,624413,2021,37,
Frazier, Adam,624428,2021,5,
Soler, Jorge,624585,2021,27,
Cronenworth, Jake,630105,2021,21,
Meadows, Austin,640457,2021,27,
Anderson, Tim,641313,2021,17,
Crawford, J.P.,641487,2021,9,
Dozier, Hunter,641531,2021,16,
Mancini III, Trey,641820,2021,21,
McMahon, Ryan,641857,2021,23,
O'Neill, Tyler,641933,2021,34,
Rosario, Amed,642708,2021,11,
Adames, Willy,642715,2021,25,
Benintendi, Andrew,643217,2021,17,
Kiner-Falefa, Isiah,643396,2021,8,
Albies, Ozzie,645277,2021,30,
Devers, Rafael,646240,2021,38,
Urias, Luis,649966,2021,23,
Torres, Gleyber,650402,2021,9,
Diaz, Yandy,650490,2021,13,
Chapman, Matt,656305,2021,27,
Mullins II, Cedric,656775,2021,30,
Smith, Pavin,656976,2021,11,
Verdugo, Alex,657077,2021,13,
Moncada, Yoan,660162,2021,14,
Ohtani, Shohei,660271,2021,46,
Riley, Austin,663586,2021,33,
Mountcastle, Ryan,663624,2021,33,
Tucker, Kyle,663656,2021,30,
India, Jonathan,663697,2021,21,
Grisham, Trent,663757,2021,15,
Lowe, Nathaniel,663993,2021,18,
Happ, Ian,664023,2021,25,
France, Ty,664034,2021,18,
Lowe, Brandon,664040,2021,39,
Fletcher, David,664058,2021,2,
Straw, Myles,664702,2021,4,
Walsh, Jared,665120,2021,29,
Tatis Jr., Fernando,665487,2021,42,
Guerrero Jr., Vladimir,665489,2021,48,
Soto, Juan,665742,2021,29,
Chisholm Jr., Jazz,665862,2021,18,
Bichette, Bo,666182,2021,29,
Carlson, Dylan,666185,2021,18,
Garcia, Adolis,666969,2021,31,
Gurriel Jr., Lourdes,666971,2021,21,
Arozarena, Randy,668227,2021,20,
Reynolds, Bryan,668804,2021,24,
Rojas, Josh,668942,2021,11,
Edman, Tommy,669242,2021,11,
Solak, Nick,669256,2021,11,
Hays, Austin,669720,2021,22,
Lopez, Nicky,670032,2021,2,
Alvarez, Yordan,670541,2021,33,
Hunter, Torii,116338,2015,22,
Ortiz, David,120074,2015,37,
Rodriguez, Alex,121347,2015,33,
Ramirez, Aramis,133380,2015,17,
Beltre, Adrian,134181,2015,18,
Beltran, Carlos,136860,2015,19,
Rollins, Jimmy,276519,2015,13,
Pujols, Albert,405395,2015,40,
Byrd, Marlon,407781,2015,23,
Mauer, Joe,408045,2015,10,
Cabrera, Miguel,408234,2015,18,
Gonzalez, Adrian,408236,2015,28,
Phillips, Brandon,408252,2015,12,
Reyes, Jose,408314,2015,7,
Peralta, Jhonny,425509,2015,17,
Choo, Shin-Soo,425783,2015,22,
Molina, Yadier,425877,2015,4,
Fielder, Prince,425902,2015,23,
Cano, Robinson,429664,2015,21,
Encarnacion, Edwin,429665,2015,39,
Howard, Ryan,429667,2015,23,
Bautista, Jose,430832,2015,40,
Jones, Adam,430945,2015,27,
Aybar, Erick,430947,2015,3,
Martin, Russell,431145,2015,23,
Granderson, Curtis,434158,2015,26,
Pagan, Angel,434636,2015,3,
Morales, Kendrys,434778,2015,22,
Kinsler, Ian,435079,2015,11,
McCann, Brian,435263,2015,26,
Walker, Neil,435522,2015,16,
Desmond, Ian,435622,2015,19,
Cruz Jr., Nelson,443558,2015,44,
Trumbo, Mark,444432,2015,22,
Peralta, David,444482,2015,17,
Escobar, Alcides,444876,2015,3,
Prado, Martin,445988,2015,9,
Duda, Lucas,446263,2015,27,
Longoria, Evan,446334,2015,21,
Davis, Chris,448801,2015,47,
Zobrist, Ben,450314,2015,13,
Fowler, Dexter,451594,2015,17,
Headley, Chase,452104,2015,11,
Lind, Adam,452252,2015,20,
Cabrera, Asdrubal,452678,2015,15,
Tulowitzki, Troy,453064,2015,17,
Blackmon, Charlie,453568,2015,17,
Frazier, Todd,453943,2015,35,
Markakis, Nick,455976,2015,3,
Butler, Billy,456714,2015,15,
Cain, Lorenzo,456715,2015,16,
McCutchen, Andrew,457705,2015,23,
Jackson, Austin,457706,2015,9,
Upton, Justin,457708,2015,26,
Maybin, Cameron,457727,2015,10,
Posey III, Buster,457763,2015,19,
Bruce, Jay,457803,2015,26,
Votto, Joey,458015,2015,29,
Coghlan, Chris,458085,2015,16,
Gardner, Brett,458731,2015,16,
Braun, Ryan,460075,2015,25,
Moss, Brandon,461235,2015,19,
Kemp, Matt,461314,2015,23,
Plouffe, Trevor,461858,2015,22,
Andrus, Elvis,462101,2015,7,
Cervelli, Francisco,465041,2015,7,
Cabrera, Melky,466320,2015,12,
Sandoval, Pablo,467055,2015,10,
Ramos, Wilson,467092,2015,15,
Santana, Carlos,467793,2015,19,
Parra, Gerardo,467827,2015,14,
Gonzalez, Carlos,471865,2015,40,
Belt, Brandon,474832,2015,18,
Brantley Jr., Michael,488726,2015,15,
Escobar, Yunel,488862,2015,9,
Morrison, Logan,489149,2015,17,
Cespedes, Yoenis,493316,2015,35,
Ramirez, Alexei,493351,2015,10,
Solarte, Yangervis,500208,2015,14,
Martinez, J.D.,502110,2015,38,
Reddick, Josh,502210,2015,20,
Murphy, Daniel,502517,2015,14,
Goldschmidt, Paul,502671,2015,33,
Altuve, Jose,514888,2015,15,
Segura, Jean,516416,2015,6,
Castro, Starlin,516770,2015,11,
Marte, Starling,516782,2015,19,
Donaldson, Josh,518626,2015,41,
Heyward, Jason,518792,2015,13,
LeMahieu, DJ,518934,2015,6,
Moreland, Mitch,519048,2015,23,
Moustakas, Mike,519058,2015,22,
Norris, Derek,519083,2015,14,
Revere, Ben,519184,2015,2,
Rizzo, Anthony,519203,2015,31,
Vogt, Stephen,519390,2015,18,
Galvis, Freddy,520471,2015,7,
Perez, Salvador,521692,2015,21,
Forsythe, Logan,523253,2015,17,
Flores, Wilmer,527038,2015,16,
Garcia, Avisail,541645,2015,13,
Inciarte, Ender,542255,2015,6,
Burns, Billy,542993,2015,5,
Crawford, Brandon,543063,2015,21,
Giavotella, Johnny,543213,2015,4,
Gose, Anthony,543238,2015,5,
Hosmer, Eric,543333,2015,18,
Kipnis, Jason,543401,2015,9,
Lawrie, Brett,543434,2015,16,
Semien, Marcus,543760,2015,15,
Strange-Gordon, Dee,543829,2015,4,
Wong, Kolten,543939,2015,11,
Gregorius, Didi,544369,2015,9,
Trout, Mike,545361,2015,41,
Herrera, Odubel,546318,2015,8,
Harper, Bryce,547180,2015,42,
Abreu, Jose,547989,2015,30,
Polanco, Gregory,570256,2015,9,
Arenado, Nolan,571448,2015,42,
Holt, Brock,571788,2015,2,
Owings, Chris,572008,2015,4,
Pollock, AJ,572041,2015,20,
Seager, Kyle,572122,2015,26,
Taylor, Michael A.,572191,2015,14,
Carpenter, Matt,572761,2015,28,
Dozier, Brian,572821,2015,28,
Bryant, Kris,592178,2015,26,
Castellanos, Nick,592206,2015,15,
Machado, Manny,592518,2015,35,
Pederson, Joc,592626,2015,26,
Simmons, Andrelton,592743,2015,4,
Yelich, Christian,592885,2015,7,
Bogaerts, Xander,593428,2015,7,
Calhoun, Kole,594777,2015,26,
Eaton, Adam,594809,2015,14,
Gattis, Evan,594828,2015,27,
Kiermaier, Kevin,595281,2015,10,
Betts, Mookie,605141,2015,18,
Peterson, Jace,607054,2015,6,
Pillar, Kevin,607680,2015,12,
Russell, Addison,608365,2015,13,
Duffy, Matt,622110,2015,12,