"player_name","batter","events","bb_type","hc_x","hc_y","hit_distance_sc","launch_speed","pitch_name"
"Turner, Trea",607208,"home_run","fly_ball",32.03,62.28,408,102.7,"Slider"
"Alonso, Pete",624413,"field_out","fly_ball",115.26,52.19,363,100.8,"Curveball"
"Soto, Juan",665742,"field_out","line_drive",119.63,58.84,348,93.1,"4-Seam Fastball"
"Swanson, Dansby",621020,"field_out","ground_ball",110.21,157.17,10,89.1,"Slider"
"Harper, Bryce",547180,"double","line_drive",90.14,53.68,282,101.6,"Changeup"
"Ohtani, Shohei",660271,"home_run","line_drive",215.13,54.58,418,112.9,"Cutter"
"Turner, Trea",607208,"double","line_drive",75.31,153.63,170,105.9,"Curveball"
"Swanson, Dansby",621020,"field_out","line_drive",120.41,146.64,137,74.4,"Changeup"
"Turner, Trea",607208,"field_out","fly_ball",95.99,92.8,275,94.3,"Curveball"
"Harper, Bryce",547180,"single","ground_ball",116.26,192.05,15,36.5,"Curveball"
"Ohtani, Shohei",660271,"field_out","fly_ball",128.77,114.41,214,83.9,"Changeup"
"Alonso, Pete",624413,"field_out","fly_ball",112.53,56.34,354,106.1,"Cutter"
"Turner, Trea",607208,"single","ground_ball",164.34,123.5,75,85.7,"Cutter"
"Alonso, Pete",624413,"field_out","fly_ball",165.82,85.27,300,83,"Curveball"
"Soto, Juan",665742,"field_out","ground_ball",118.31,143.6,7,94.2,"4-Seam Fastball"
"Ohtani, Shohei",660271,"field_out","fly_ball",59.82,72.46,352,102.4,"Changeup"
"Alonso, Pete",624413,"double","ground_ball",59.74,135.63,11,103.1,"4-Seam Fastball"
"Turner, Trea",607208,"home_run","line_drive",74.87,44.89,401,106.3,"Changeup"
"Ohtani, Shohei",660271,"field_out","ground_ball",164.66,147.86,96,82.5,"Curveball"
"Alonso, Pete",624413,"field_out","ground_ball",117.96,148.51,12,77.1,"Slider"
"Harper, Bryce",547180,"home_run","fly_ball",33.23,81.34,369,102.9,"4-Seam Fastball"
"Alonso, Pete",624413,"double","line_drive",51.88,83.8,241,100.7,"4-Seam Fastball"
"Turner, Trea",607208,"field_out","fly_ball",162.45,112.26,236,80.5,"Slider"
"Harper, Bryce",547180,"double","line_drive",159.92,42.91,393,107.4,"Changeup"
"Alonso, Pete",624413,"single","ground_ball",112.56,101.82,104,110,"4-Seam Fastball"
"Harper, Bryce",547180,"single","line_drive",93.5,76.75,213,101.7,"Split-Finger"
"Turner, Trea",607208,"home_run","fly_ball",230.88,95.46,348,95.4,"4-Seam Fastball"
"Ohtani, Shohei",660271,"field_out","fly_ball",87.79,60.31,356,101.1,"Cutter"
"Alonso, Pete",624413,"single","line_drive",107.72,67.88,265,110.4,"4-Seam Fastball"
"Harper, Bryce",547180,"field_out","ground_ball",173.9,141.15,101,88.6,"Changeup"
"Swanson, Dansby",621020,"double","fly_ball",173.18,50.5,385,100.9,"Sinker"
"Turner, Trea",607208,"field_out","line_drive",177.41,87.37,306,92.1,"Slider"
"Ohtani, Shohei",660271,"field_out","popup",73.53,156.7,169,84,"Knuckle Curve"
"Harper, Bryce",547180,"field_out","fly_ball",52.4,91.53,321,94.6,"Curveball"
"Alonso, Pete",624413,"field_out","popup",119.56,128.2,181,84.8,"Slider"
"Alonso, Pete",624413,"home_run","line_drive",83.28,50.13,383,97.9,"Changeup"
"Swanson, Dansby",621020,"single","line_drive",65.87,108.04,207,87.5,"Changeup"
"Harper, Bryce",547180,"field_out","ground_ball",157.03,149.49,9,77.6,"Changeup"
"Turner, Trea",607208,"single","fly_ball",138.18,108.87,241,71.8,"Slider"
"Ohtani, Shohei",660271,"double","ground_ball",78.55,137.13,5,68.4,"Slider"
"Ohtani, Shohei",660271,"triple","line_drive",220.35,99.56,147,106.7,"Changeup"
"Harper, Bryce",547180,"field_out","ground_ball",147.88,147.52,8,88.8,"Slider"
"Turner, Trea",607208,"field_out","popup",142.34,137.84,163,81.5,"4-Seam Fastball"
"Ohtani, Shohei",660271,"field_out","fly_ball",37.57,78.6,367,104,"Curveball"
"Alonso, Pete",624413,"home_run","line_drive",53.27,48.97,411,105.7,"Fastball"
"Alonso, Pete",624413,"field_out","fly_ball",118.28,31.71,412,104.7,"Slider"
"Turner, Trea",607208,"single","ground_ball",114,133.52,5,86,"Slider"
"Swanson, Dansby",621020,"field_out","fly_ball",204.45,84.98,341,96.8,"Cutter"
"Ohtani, Shohei",660271,"single","ground_ball",169.06,150.79,100,101.8,"4-Seam Fastball"
"Swanson, Dansby",621020,"single","line_drive",64.25,107.28,191,85.6,"Knuckle Curve"
"Ohtani, Shohei",660271,"field_out","ground_ball",150.66,151.67,111,90,"4-Seam Fastball"
"Soto, Juan",665742,"field_out","ground_ball",157.19,169.53,2,82.8,"Curveball"
"Alonso, Pete",624413,"field_out","ground_ball",111.13,170.65,87,111.3,"Changeup"
"Turner, Trea",607208,"field_out","fly_ball",128.19,67.62,327,89.6,"Slider"
"Swanson, Dansby",621020,"double","fly_ball",171.45,66.51,379,102,"4-Seam Fastball"
"Harper, Bryce",547180,"field_out","popup",136.87,145.83,140,85.5,"4-Seam Fastball"
"Soto, Juan",665742,"field_out","ground_ball",118.17,155.77,4,85.5,"Changeup"
"Ohtani, Shohei",660271,"single","ground_ball",179.14,115.31,114,109,"4-Seam Fastball"
"Turner, Trea",607208,"single","ground_ball",85.56,137.55,70,111,"Sinker"
"Turner, Trea",607208,"field_out","ground_ball",125.24,167.76,5,84.9,"Slider"
"Soto, Juan",665742,"single","ground_ball",144.02,166.57,NA,NA,"Changeup"
"Alonso, Pete",624413,"field_out","fly_ball",153.82,67.11,334,89.2,"Slider"
"Alonso, Pete",624413,"single","ground_ball",111.58,188.82,49,106.9,"Changeup"
"Ohtani, Shohei",660271,"field_out","ground_ball",145.86,159.07,4,60.6,"Sinker"
"Swanson, Dansby",621020,"single","ground_ball",112.84,120.67,112,68.7,"Sinker"
"Ohtani, Shohei",660271,"field_out","line_drive",140.99,133.44,173,88,"4-Seam Fastball"
"Turner, Trea",607208,"single","ground_ball",96.04,142.91,33,104.7,"Split-Finger"
"Soto, Juan",665742,"field_out","popup",94.92,181.81,92,85.4,"4-Seam Fastball"
"Turner, Trea",607208,"single","ground_ball",120.54,96.96,6,96.9,"Slider"
"Swanson, Dansby",621020,"single","line_drive",144.48,100.02,197,79.4,"Slider"
"Alonso, Pete",624413,"field_out","ground_ball",89.29,162.43,56,106.7,"Changeup"
"Alonso, Pete",624413,"field_out","popup",110.14,208.11,39,80.1,"Cutter"
"Alonso, Pete",624413,"single","ground_ball",171.36,117.51,108,58.4,"4-Seam Fastball"
"Turner, Trea",607208,"double","line_drive",92.22,48.74,322,108.2,"Slider"
"Turner, Trea",607208,"field_out","ground_ball",91.26,161.98,21,98.7,"Cutter"
"Soto, Juan",665742,"field_out","ground_ball",153.98,163.73,22,80,"Sinker"
"Alonso, Pete",624413,"field_out","popup",66.14,158.88,178,98.1,"Slider"
"Alonso, Pete",624413,"single","ground_ball",86.56,120.53,61,98.2,"Sinker"
"Alonso, Pete",624413,"field_out","ground_ball",126,204.5,31,76.6,"Slider"
"Ohtani, Shohei",660271,"field_out","line_drive",161.93,136.95,182,98.6,"4-Seam Fastball"
"Soto, Juan",665742,"field_out","fly_ball",68.28,139.86,207,87.9,"Changeup"
"Soto, Juan",665742,"single","line_drive",128.66,70.88,196,103.6,"Sinker"
"Ohtani, Shohei",660271,"single","ground_ball",112.21,86.71,136,99.6,"Cutter"
"Harper, Bryce",547180,"single","line_drive",61.63,106.52,207,103.3,"4-Seam Fastball"
"Soto, Juan",665742,"field_out","popup",98.4,189.55,75,84.5,"4-Seam Fastball"
"Turner, Trea",607208,"double","fly_ball",111.66,32.18,424,104.6,"4-Seam Fastball"
"Alonso, Pete",624413,"double","line_drive",220,108.77,320,106,"Slider"
"Ohtani, Shohei",660271,"field_out","fly_ball",130.61,49.84,369,99.7,"Sinker"
"Turner, Trea",607208,"field_out","fly_ball",172.8,95.17,283,91.1,"Slider"
"Soto, Juan",665742,"field_out","fly_ball",97.16,113.11,224,87.8,"4-Seam Fastball"
"Turner, Trea",607208,"field_out","ground_ball",102.14,174.72,32,60.5,"Split-Finger"
"Swanson, Dansby",621020,"field_out","fly_ball",107.63,88.85,279,87.6,"4-Seam Fastball"
"Turner, Trea",607208,"home_run","line_drive",68.38,39.9,418,108.5,"4-Seam Fastball"
"Turner, Trea",607208,"home_run","fly_ball",3.54,84.53,410,107.8,"4-Seam Fastball"
"Alonso, Pete",624413,"field_out","line_drive",83.91,93.18,283,87.4,"Curveball"
"Harper, Bryce",547180,"field_out","fly_ball",50.01,84.05,339,94.1,"Sinker"
"Turner, Trea",607208,"field_out","line_drive",120.56,55.36,356,100.9,"Changeup"
"Harper, Bryce",547180,"home_run","fly_ball",142.43,26.89,427,107.6,"Changeup"
"Ohtani, Shohei",660271,"triple","line_drive",198.69,129.38,155,100.3,"Cutter"
"Alonso, Pete",624413,"field_out","ground_ball",119.91,169.37,22,81.9,"Cutter"
"Swanson, Dansby",621020,"single","line_drive",56.27,105.52,203,89.5,"Changeup"
"Soto, Juan",665742,"field_out","fly_ball",78.42,105.23,252,96.3,"4-Seam Fastball"
"Soto, Juan",665742,"field_out","fly_ball",111.9,71.36,319,99.1,"4-Seam Fastball"
"Harper, Bryce",547180,"field_out","ground_ball",155.41,143.79,10,79,"Curveball"
"Alonso, Pete",624413,"field_out","ground_ball",106.28,131.97,124,72.4,"Sinker"
"Ohtani, Shohei",660271,"triple","line_drive",216.87,102.23,299,101.8,"Changeup"
"Soto, Juan",665742,"single","line_drive",146.55,83.02,255,78.3,"4-Seam Fastball"
"Turner, Trea",607208,"home_run","fly_ball",26.4,48.34,443,108.3,"4-Seam Fastball"
"Harper, Bryce",547180,"double","line_drive",174.68,93.76,287,111.8,"Changeup"
"Alonso, Pete",624413,"field_out","ground_ball",133.87,139.46,20,114.5,"Changeup"
"Swanson, Dansby",621020,"field_out","line_drive",124.79,192.65,289,83.5,"4-Seam Fastball"
"Turner, Trea",607208,"field_out","line_drive",93.2,97.68,265,76.7,"Curveball"
"Harper, Bryce",547180,"field_out","line_drive",121.38,75.02,308,112.1,"Changeup"
"Swanson, Dansby",621020,"home_run","fly_ball",219.62,86.55,361,106,"Changeup"
"Alonso, Pete",624413,"field_out","popup",162.88,185.95,77,67.2,"4-Seam Fastball"
"Soto, Juan",665742,"field_out","line_drive",106.63,135.86,170,99.2,"Cutter"
"Turner, Trea",607208,"field_out","ground_ball",104.44,175.56,2,71.6,"Slider"
"Turner, Trea",607208,"double","line_drive",43.63,108.35,252,104.7,"4-Seam Fastball"
"Soto, Juan",665742,"home_run","fly_ball",52.79,63.34,368,104.2,"Sinker"
"Turner, Trea",607208,"single","line_drive",165.72,81.97,283,82.5,"Changeup"
"Swanson, Dansby",621020,"field_out","fly_ball",212.83,97.53,329,91.8,"Changeup"
"Soto, Juan",665742,"single","ground_ball",137.63,97.28,43,97.8,"Changeup"
"Turner, Trea",607208,"field_out","ground_ball",95.43,158.49,4,93.1,"4-Seam Fastball"
"Harper, Bryce",547180,"field_out","ground_ball",160.38,164.66,113,87,"Changeup"
"Turner, Trea",607208,"single","ground_ball",81.54,114.51,9,104.7,"Slider"
"Soto, Juan",665742,"home_run","fly_ball",23.7,93.04,348,98.8,"4-Seam Fastball"
"Turner, Trea",607208,"single","line_drive",143.93,74.92,246,95.4,"Sinker"
"Swanson, Dansby",621020,"field_out","fly_ball",198.47,97.3,312,92.5,"Changeup"
"Harper, Bryce",547180,"single","line_drive",175.54,94.17,242,104.1,"Slider"
"Alonso, Pete",624413,"field_out","fly_ball",132.72,50.5,367,97.7,"4-Seam Fastball"
"Ohtani, Shohei",660271,"field_out","ground_ball",160.76,165.11,7,94.5,"4-Seam Fastball"
"Soto, Juan",665742,"home_run","fly_ball",222.61,74.97,387,104.8,"Slider"
"Swanson, Dansby",621020,"field_out","ground_ball",114.51,169.68,1,46.5,"Changeup"
"Soto, Juan",665742,"single","line_drive",93.46,57.83,290,102.2,"Changeup"
"Turner, Trea",607208,"field_out","ground_ball",95.85,155.87,34,102.7,"4-Seam Fastball"
"Soto, Juan",665742,"double","line_drive",179.04,58.65,267,116.5,"4-Seam Fastball"
"Turner, Trea",607208,"single","line_drive",148.79,63.25,269,104.9,"4-Seam Fastball"
"Swanson, Dansby",621020,"field_out","ground_ball",143.19,161.2,68,60.4,"Sinker"
"Alonso, Pete",624413,"home_run","fly_ball",227.39,91.56,363,100.3,"Slider"
"Alonso, Pete",624413,"field_out","ground_ball",111.57,167.86,36,90.9,"Cutter"
"Swanson, Dansby",621020,"single","line_drive",145,68.18,208,98.3,"4-Seam Fastball"
"Ohtani, Shohei",660271,"single","line_drive",177.85,122.6,231,109.1,"Curveball"
"Turner, Trea",607208,"single","ground_ball",172,122,60,86.5,"4-Seam Fastball"
"Ohtani, Shohei",660271,"field_out","ground_ball",129.21,177.19,7,64.2,"Changeup"
"Turner, Trea",607208,"single","ground_ball",118.42,162.73,2,93.7,"4-Seam Fastball"
"Ohtani, Shohei",660271,"home_run","fly_ball",207.52,37.62,445,116.1,"4-Seam Fastball"
"Harper, Bryce",547180,"single","ground_ball",199.97,109.69,36,105.1,"4-Seam Fastball"
"Soto, Juan",665742,"double","line_drive",216.5,103.25,203,112.8,"4-Seam Fastball"
"Soto, Juan",665742,"single","line_drive",103.44,87.6,261,77.1,"4-Seam Fastball"
"Swanson, Dansby",621020,"single","line_drive",122.06,80.19,219,105.4,"4-Seam Fastball"
"Ohtani, Shohei",660271,"field_out","line_drive",122.61,67.82,326,103.5,"Curveball"
"Turner, Trea",607208,"field_out","ground_ball",148.16,158.3,14,91.2,"4-Seam Fastball"
"Alonso, Pete",624413,"field_out","ground_ball",96.11,145.48,7,79.8,"Slider"
"Alonso, Pete",624413,"home_run","line_drive",14.08,79.19,402,107.6,"Slider"
"Turner, Trea",607208,"field_out","line_drive",129,181,125,103,"4-Seam Fastball"
"Harper, Bryce",547180,"double","fly_ball",211.27,114.44,294,85.9,"Changeup"
"Swanson, Dansby",621020,"field_out","fly_ball",103.35,74.86,313,82.7,"4-Seam Fastball"
"Soto, Juan",665742,"single","line_drive",118.26,72.38,227,97.8,"Curveball"
"Ohtani, Shohei",660271,"field_out","ground_ball",130.91,143.47,11,92.3,"Sinker"
"Swanson, Dansby",621020,"field_out","ground_ball",108.16,159.25,41,91,"Sinker"
"Ohtani, Shohei",660271,"field_out","ground_ball",152.52,163.73,5,88.3,"Sinker"
"Soto, Juan",665742,"field_out","ground_ball",141.27,164.62,3,90.2,"Sinker"
"Ohtani, Shohei",660271,"field_out","fly_ball",141.79,44.02,384,105.2,"Slider"
"Harper, Bryce",547180,"field_out","fly_ball",127.11,36.91,399,108.2,"4-Seam Fastball"
"Alonso, Pete",624413,"field_out","ground_ball",86.51,164.65,4,96.2,"Sinker"
"Ohtani, Shohei",660271,"field_out","ground_ball",124.73,191.21,NA,NA,"Sinker"
"Alonso, Pete",624413,"field_out","ground_ball",101.54,159.67,40,77.1,"Cutter"
"Soto, Juan",665742,"home_run","fly_ball",151.17,16.64,454,111.9,"Slider"
"Turner, Trea",607208,"field_out","ground_ball",95.53,172.4,10,59.4,"Cutter"
"Swanson, Dansby",621020,"field_out","ground_ball",100.02,153.44,13,91.8,"4-Seam Fastball"
"Harper, Bryce",547180,"field_out","fly_ball",57.17,85.88,327,103.8,"4-Seam Fastball"
"Turner, Trea",607208,"single","ground_ball",83.84,127.39,110,109.2,"4-Seam Fastball"
"Turner, Trea",607208,"field_out","popup",147.14,126.96,192,66.3,"Cutter"
"Soto, Juan",665742,"field_out","fly_ball",100.22,61.68,346,95.1,"Slider"
"Soto, Juan",665742,"field_out","fly_ball",100.46,62.23,345,93.2,"Changeup"
"Swanson, Dansby",621020,"field_out","line_drive",107.36,66.04,333,95.3,"4-Seam Fastball"
"Soto, Juan",665742,"field_out","ground_ball",158.24,157.42,23,102.3,"Slider"
"Turner, Trea",607208,"single","ground_ball",84.93,172.95,34,103.6,"Sinker"
"Alonso, Pete",624413,"single","line_drive",181.36,106.92,267,104.7,"Sinker"
"Harper, Bryce",547180,"field_out","ground_ball",133.06,148.99,6,70.4,"4-Seam Fastball"
"Soto, Juan",665742,"double","line_drive",35.37,109.72,313,104.9,"Slider"
"Turner, Trea",607208,"single","ground_ball",107.37,167.64,2,71,"Curveball"
"Alonso, Pete",624413,"single","ground_ball",121.36,178.38,62,113.7,"Knuckle Curve"
"Turner, Trea",607208,"field_out","line_drive",112.07,143.3,149,82.3,"4-Seam Fastball"
"Harper, Bryce",547180,"double","line_drive",197.98,127.52,250,106.2,"4-Seam Fastball"
"Soto, Juan",665742,"field_out","ground_ball",138.1,139.63,8,88.2,"Curveball"
"Alonso, Pete",624413,"field_out","line_drive",110.7,125.96,190,59.7,"Sinker"
"Ohtani, Shohei",660271,"field_out","fly_ball",168.21,59.35,360,93.5,"Changeup"
"Turner, Trea",607208,"field_out","popup",163.39,150.76,156,84.1,"Sinker"
"Swanson, Dansby",621020,"field_out","line_drive",152.24,76.86,311,102.6,"Sinker"
"Harper, Bryce",547180,"single","ground_ball",117.64,134.5,22,98.9,"Sinker"
"Harper, Bryce",547180,"field_out","ground_ball",129.83,135.95,69,80.4,"Sinker"
"Ohtani, Shohei",660271,"single","line_drive",89.3,70.86,270,108.7,"4-Seam Fastball"
"Ohtani, Shohei",660271,"single","ground_ball",100.23,152.43,27,68.4,"4-Seam Fastball"
"Alonso, Pete",624413,"single","line_drive",88.78,141.77,173,76.2,"Sinker"
"Turner, Trea",607208,"single","ground_ball",123.69,94.85,21,76,"Slider"
"Ohtani, Shohei",660271,"field_out","fly_ball",75.98,120.37,241,93,"4-Seam Fastball"
"Harper, Bryce",547180,"double","fly_ball",147.68,52.2,366,96,"Slider"
"Turner, Trea",607208,"field_out","ground_ball",120.22,183.1,3,32.7,"Sinker"
"Swanson, Dansby",621020,"single","ground_ball",180.18,104.63,113,89.5,"Sinker"
"Soto, Juan",665742,"field_out","ground_ball",134.21,141.79,5,100.5,"Knuckle Curve"
"Ohtani, Shohei",660271,"field_out","popup",80.04,143.36,182,79.4,"Slider"
"Swanson, Dansby",621020,"field_out","ground_ball",102.66,133.11,95,96.5,"Sinker"
"Harper, Bryce",547180,"field_out","fly_ball",46.67,84.53,342,95.4,"Curveball"
"Harper, Bryce",547180,"field_out","fly_ball",115.36,94.86,261,75.5,"Slider"
"Alonso, Pete",624413,"field_out","ground_ball",96.02,168.38,3,77.2,"Sinker"
"Soto, Juan",665742,"single","ground_ball",66.38,129.12,114,86.6,"Sinker"
"Ohtani, Shohei",660271,"single","ground_ball",160.65,105.86,64,105.4,"Slider"
"Swanson, Dansby",621020,"field_out","line_drive",156.85,146.46,157,99.7,"4-Seam Fastball"
"Turner, Trea",607208,"field_out","ground_ball",129.3,136.64,7,102.1,"Slider"
"Alonso, Pete",624413,"field_out","ground_ball",97.76,138.66,90,104.8,"Changeup"
"Harper, Bryce",547180,"double","fly_ball",58.59,69.15,360,100.7,"Changeup"
"Harper, Bryce",547180,"double","line_drive",50.73,123.57,206,87.7,"Slider"
"Ohtani, Shohei",660271,"single","ground_ball",170,147.74,28,81.9,"4-Seam Fastball"
"Ohtani, Shohei",660271,"single","line_drive",164.14,119.22,178,76.8,"Cutter"
"Harper, Bryce",547180,"home_run","fly_ball",213.14,46.42,432,112.2,"Slider"
"Turner, Trea",607208,"field_out","popup",141.92,142.73,151,74.7,"4-Seam Fastball"
"Ohtani, Shohei",660271,"field_out","ground_ball",153.8,156.94,17,80.1,"Sinker"
"Soto, Juan",665742,"single","line_drive",67.7,112.17,185,90.1,"Changeup"
"Harper, Bryce",547180,"double","line_drive",50.33,131.06,142,94.5,"4-Seam Fastball"
"Ohtani, Shohei",660271,"field_out","ground_ball",157.43,171.41,6,101.6,"Sinker"
"Swanson, Dansby",621020,"single","ground_ball",161.07,123.75,68,97.3,"4-Seam Fastball"
"Harper, Bryce",547180,"single","ground_ball",114.94,177.12,46,29.8,"Changeup"
"Swanson, Dansby",621020,"field_out","fly_ball",173.59,136.88,197,73.1,"4-Seam Fastball"
"Turner, Trea",607208,"field_out","popup",148.09,160.23,118,69.4,"4-Seam Fastball"
"Alonso, Pete",624413,"field_out","fly_ball",129.73,89.77,273,81.7,"Sinker"
"Alonso, Pete",624413,"home_run","fly_ball",49.81,60.43,390,98.5,"4-Seam Fastball"
"Alonso, Pete",624413,"field_out","fly_ball",202.86,67.17,375,101.7,"Changeup"
"Turner, Trea",607208,"single","ground_ball",138.04,150.17,4,96.1,"Sinker"
"Ohtani, Shohei",660271,"field_out","ground_ball",126.81,142.68,12,69.9,"Slider"
"Soto, Juan",665742,"single","ground_ball",165.97,95.48,117,90.9,"Slider"
"Swanson, Dansby",621020,"double","line_drive",179.14,57.75,359,105.9,"Slider"
"Soto, Juan",665742,"single","line_drive",163.94,95.48,147,76,"4-Seam Fastball"
"Turner, Trea",607208,"field_out","line_drive",133.81,65.43,332,89.9,"Changeup"
"Swanson, Dansby",621020,"field_out","ground_ball",128.3,169.37,6,89.2,"4-Seam Fastball"
"Swanson, Dansby",621020,"field_out","popup",85.45,139.39,182,59.7,"Slider"
"Soto, Juan",665742,"field_out","fly_ball",44.15,96.28,324,91.6,"Curveball"
"Soto, Juan",665742,"single","line_drive",134.71,63.83,296,99.3,"4-Seam Fastball"
"Turner, Trea",607208,"double","ground_ball",160.39,164.57,12,97.8,"4-Seam Fastball"
"Alonso, Pete",624413,"double","fly_ball",214.16,86.62,351,96.5,"Changeup"
"Soto, Juan",665742,"single","ground_ball",134.5,138.38,69,110.8,"4-Seam Fastball"
"Turner, Trea",607208,"home_run","fly_ball",73.9,47.28,397,101.1,"4-Seam Fastball"
"Swanson, Dansby",621020,"field_out","ground_ball",109.86,151.07,6,100.2,"4-Seam Fastball"
"Alonso, Pete",624413,"field_out","ground_ball",81.29,157.55,111,74.5,"Sinker"
"Ohtani, Shohei",660271,"field_out","ground_ball",113.6,167.4,3,79.9,"Sinker"
"Harper, Bryce",547180,"double","line_drive",202.03,82.42,342,106,"4-Seam Fastball"
"Turner, Trea",607208,"field_out","fly_ball",186.39,135.92,217,76.4,"4-Seam Fastball"
"Soto, Juan",665742,"field_out","ground_ball",168.28,141.6,6,77.5,"Slider"
"Soto, Juan",665742,"field_out","ground_ball",146.71,172.79,94,111.5,"Slider"
"Alonso, Pete",624413,"field_out","ground_ball",106.2,147.97,91,83.1,"Cutter"
"Turner, Trea",607208,"single","ground_ball",125.47,86.59,38,106,"4-Seam Fastball"
"Soto, Juan",665742,"field_out","ground_ball",150.29,133.01,53,111.5,"Slider"
"Turner, Trea",607208,"field_out","fly_ball",122.07,52.97,361,98.7,"4-Seam Fastball"
"Alonso, Pete",624413,"field_out","ground_ball",97.69,173.37,2,69.6,"Knuckle Curve"
"Ohtani, Shohei",660271,"field_out","ground_ball",151.24,164.17,3,61.8,"Changeup"
"Alonso, Pete",624413,"field_out","fly_ball",185.56,129.33,228,82.7,"Knuckle Curve"
"Soto, Juan",665742,"field_out","fly_ball",101.17,87.4,327,89,"Sinker"
"Ohtani, Shohei",660271,"field_out","ground_ball",154.52,146.72,8,95.8,"Knuckle Curve"
"Soto, Juan",665742,"triple","fly_ball",169.31,57.42,365,92.8,"Curveball"
"Alonso, Pete",624413,"field_out","popup",143.25,176.05,79,39.2,"4-Seam Fastball"
"Alonso, Pete",624413,"field_out","fly_ball",68.93,90.72,303,82.4,"Knuckle Curve"
"Harper, Bryce",547180,"home_run","fly_ball",227.95,90.41,366,106.7,"Curveball"
"Turner, Trea",607208,"field_out","ground_ball",102.13,171.93,71,38.4,"Cutter"
"Ohtani, Shohei",660271,"single","line_drive",170.38,101.36,157,95.2,"Changeup"
"Harper, Bryce",547180,"field_out","fly_ball",60.29,129.66,238,74.2,"4-Seam Fastball"
"Soto, Juan",665742,"double","line_drive",37.35,113.57,304,95.8,"Slider"
"Turner, Trea",607208,"single","fly_ball",124.56,108.4,227,70.4,"Changeup"
"Swanson, Dansby",621020,"field_out","ground_ball",135.17,190.23,15,44.9,"Slider"
"Ohtani, Shohei",660271,"field_out","fly_ball",171.67,99.32,273,94,"Slider"
"Harper, Bryce",547180,"field_out","ground_ball",133,128.02,116,95.3,"Curveball"
"Turner, Trea",607208,"field_out","fly_ball",212.49,98,328,94.1,"4-Seam Fastball"
"Soto, Juan",665742,"single","ground_ball",173.92,133.25,63,83.8,"Changeup"
"Alonso, Pete",624413,"field_out","ground_ball",97.58,139.76,7,100.6,"Sinker"
"Ohtani, Shohei",660271,"field_out","ground_ball",146.06,157.64,2,64,"Curveball"
"Alonso, Pete",624413,"field_out","fly_ball",118.38,41.27,390,100.6,"Sinker"
"Soto, Juan",665742,"single","ground_ball",135.15,122.09,20,92.7,"Cutter"
"Ohtani, Shohei",660271,"field_out","ground_ball",147.71,176.82,5,109.6,"Curveball"
"Soto, Juan",665742,"single","line_drive",186.35,87.87,258,111.6,"4-Seam Fastball"
"Turner, Trea",607208,"field_out","line_drive",125.9,60.3,344,99.2,"Changeup"
"Turner, Trea",607208,"field_out","ground_ball",136.7,191.29,2,57.6,"Cutter"
"Harper, Bryce",547180,"field_out","ground_ball",154.8,162.53,6,64.6,"Curveball"
"Swanson, Dansby",621020,"field_out","fly_ball",212.06,117.53,292,89.2,"Slider"
"Harper, Bryce",547180,"home_run","fly_ball",156.86,25.38,435,109.6,"4-Seam Fastball"
"Alonso, Pete",624413,"field_out","fly_ball",188,80.92,329,100,"Cutter"
"Ohtani, Shohei",660271,"single","ground_ball",166.8,109.71,141,106.9,"4-Seam Fastball"
"Soto, Juan",665742,"single","ground_ball",124.17,113.24,131,101.4,"Slider"
"Harper, Bryce",547180,"field_out","line_drive",78.96,77.52,323,100.1,"4-Seam Fastball"
"Alonso, Pete",624413,"field_out","fly_ball",197.79,72.26,359,101.4,"4-Seam Fastball"
"Harper, Bryce",547180,"single","ground_ball",114.24,123.16,7,98.2,"4-Seam Fastball"
"Turner, Trea",607208,"field_out","ground_ball",90.48,149.73,11,90.2,"Curveball"
"Harper, Bryce",547180,"single","line_drive",110.51,73.91,245,104.7,"4-Seam Fastball"
"Turner, Trea",607208,"field_out","fly_ball",108.35,102.57,246,97.8,"Cutter"
"Ohtani, Shohei",660271,"home_run","fly_ball",223.48,85.47,368,114.7,"Sinker"
"Alonso, Pete",624413,"field_out","fly_ball",121.26,37.82,398,105.1,"Changeup"
"Soto, Juan",665742,"field_out","ground_ball",134.68,191.2,1,77.2,"Slider"
"Harper, Bryce",547180,"single","line_drive",195.54,98.07,347,110.5,"Slider"
"Alonso, Pete",624413,"field_out","ground_ball",104.73,162.33,8,94.1,"Changeup"
"Soto, Juan",665742,"field_out","fly_ball",107.18,98.53,256,91,"Changeup"
"Harper, Bryce",547180,"field_out","fly_ball",97.57,64.9,339,104.3,"Changeup"
"Turner, Trea",607208,"single","ground_ball",67.04,107.68,57,111.2,"Sinker"
"Alonso, Pete",624413,"field_out","fly_ball",40.01,101.15,320,92.3,"Curveball"
"Harper, Bryce",547180,"home_run","fly_ball",54.36,72.33,360,98.3,"Slider"
"Soto, Juan",665742,"single","ground_ball",129.71,164.86,18,108.7,"4-Seam Fastball"
"Turner, Trea",607208,"double","ground_ball",63.5,132.63,65,107.6,"Curveball"
"Soto, Juan",665742,"single","line_drive",79.29,115.74,166,90.4,"Cutter"
"Alonso, Pete",624413,"triple","fly_ball",200.13,70.4,366,100.6,"Sinker"
"Harper, Bryce",547180,"field_out","ground_ball",147.89,154.17,32,86.5,"4-Seam Fastball"
"Turner, Trea",607208,"field_out","fly_ball",42.27,98.22,322,94.8,"Slider"
"Turner, Trea",607208,"single","ground_ball",95.97,145.57,84,84.7,"Curveball"
"Turner, Trea",607208,"field_out","ground_ball",137.66,186.44,2,41.4,"Curveball"
"Alonso, Pete",624413,"field_out","fly_ball",169.24,119.19,228,70.2,"Sinker"
"Turner, Trea",607208,"field_out","ground_ball",145.35,146.17,16,105.1,"Sinker"
"Soto, Juan",665742,"field_out","ground_ball",137.28,157.32,2,78.1,"Split-Finger"
"Harper, Bryce",547180,"home_run","line_drive",210.54,81.43,357,107.2,"Changeup"
"Soto, Juan",665742,"single","ground_ball",140.2,130.4,8,95,"Sinker"
"Swanson, Dansby",621020,"field_out","line_drive",83.19,152.3,160,106.6,"Cutter"
"Soto, Juan",665742,"home_run","fly_ball",188.95,21.9,432,109.3,"4-Seam Fastball"
"Alonso, Pete",624413,"double","line_drive",209.99,114.94,213,106.3,"Sinker"
"Soto, Juan",665742,"field_out","ground_ball",147.12,162.96,2,66.6,"Cutter"
"Harper, Bryce",547180,"single","line_drive",173.01,104.07,263,109.6,"Curveball"
"Soto, Juan",665742,"single","ground_ball",129.68,138.58,7,97.1,"Sinker"
"Swanson, Dansby",621020,"single","fly_ball",116.59,94.62,246,74.1,"Curveball"
"Turner, Trea",607208,"field_out","fly_ball",115.33,69.7,322,93.2,"4-Seam Fastball"
"Turner, Trea",607208,"double","line_drive",152.96,79.56,260,98,"Changeup"
"Alonso, Pete",624413,"field_out","ground_ball",99.81,169.99,5,72.4,"Slider"
"Alonso, Pete",624413,"home_run","fly_ball",75.66,41.19,425,106.2,"4-Seam Fastball"
"Soto, Juan",665742,"single","line_drive",153.44,76.02,204,112.1,"4-Seam Fastball"
"Turner, Trea",607208,"single","ground_ball",125.13,97.29,17,110.9,"4-Seam Fastball"
"Harper, Bryce",547180,"field_out","ground_ball",148.39,145.54,10,82.1,"Curveball"
"Ohtani, Shohei",660271,"single","ground_ball",129.6,137.48,13,81.7,"Sinker"
"Alonso, Pete",624413,"home_run","fly_ball",16.82,74.02,407,102.8,"Sinker"
"Swanson, Dansby",621020,"field_out","ground_ball",105.23,166.6,2,75.8,"Sinker"
"Turner, Trea",607208,"field_out","ground_ball",99.35,152.31,2,76.9,"4-Seam Fastball"
"Turner, Trea",607208,"field_out","fly_ball",140.86,40.06,394,101.7,"4-Seam Fastball"
"Swanson, Dansby",621020,"single","line_drive",79.19,90.71,199,102.1,"Changeup"
"Turner, Trea",607208,"field_out","ground_ball",103.08,161.71,12,85.6,"Slider"
"Harper, Bryce",547180,"field_out","ground_ball",160.91,163.84,8,81.3,"Changeup"
"Soto, Juan",665742,"field_out","fly_ball",120.94,94.76,262,94.8,"4-Seam Fastball"
"Alonso, Pete",624413,"home_run","fly_ball",63.74,57.7,382,104.3,"Slider"
"Alonso, Pete",624413,"field_out","ground_ball",127.41,181.4,4,95.3,"Changeup"
"Turner, Trea",607208,"field_out","ground_ball",103.88,150.64,12,93,"Slider"
"Harper, Bryce",547180,"field_out","line_drive",187.82,85.27,319,107.6,"Curveball"
"Alonso, Pete",624413,"single","line_drive",180.17,101.52,167,111.2,"Sinker"
"Ohtani, Shohei",660271,"field_out","popup",90.65,147.52,160,76.7,"4-Seam Fastball"
"Soto, Juan",665742,"field_out","ground_ball",148.88,163.2,15,80.1,"4-Seam Fastball"
"Turner, Trea",607208,"field_out","line_drive",101.14,84.62,291,77.8,"Changeup"
"Ohtani, Shohei",660271,"field_out","fly_ball",57.04,86.74,326,96.5,"4-Seam Fastball"
"Harper, Bryce",547180,"home_run","fly_ball",159.79,29.63,426,105.5,"4-Seam Fastball"
"Soto, Juan",665742,"field_out","fly_ball",36.51,117.03,299,98.9,"4-Seam Fastball"
"Turner, Trea",607208,"double","fly_ball",76.46,57.77,369,96.7,"Slider"
"Alonso, Pete",624413,"field_out","popup",155.82,188.43,80,77,"Split-Finger"
"Soto, Juan",665742,"field_out","ground_ball",153.07,130.06,125,111.6,"4-Seam Fastball"
"Soto, Juan",665742,"single","ground_ball",135.53,91.42,46,111.7,"Sinker"
"Alonso, Pete",624413,"double","line_drive",55.12,64.94,372,109.4,"4-Seam Fastball"
"Harper, Bryce",547180,"home_run","fly_ball",188.15,51.41,396,104.1,"Slider"
"Swanson, Dansby",621020,"field_out","popup",131.67,152.91,123,71.2,"Slider"
"Turner, Trea",607208,"field_out","line_drive",180.51,109.4,261,78.8,"Cutter"
"Turner, Trea",607208,"field_out","ground_ball",121.78,178.26,3,77,"Sinker"
"Soto, Juan",665742,"field_out","line_drive",108.64,42.1,386,102.7,"Split-Finger"
"Alonso, Pete",624413,"single","line_drive",166.63,124.73,165,64.6,"4-Seam Fastball"
"Alonso, Pete",624413,"field_out","line_drive",99,162.08,141,112.7,"4-Seam Fastball"
"Harper, Bryce",547180,"field_out","line_drive",104.05,157.58,123,99.3,"Sinker"
"Soto, Juan",665742,"field_out","ground_ball",156.55,141.35,5,72.9,"Changeup"
"Ohtani, Shohei",660271,"field_out","ground_ball",138.98,190.16,2,65.5,"Sinker"
"Swanson, Dansby",621020,"field_out","fly_ball",142.62,69.71,324,97.9,"4-Seam Fastball"
"Harper, Bryce",547180,"field_out","ground_ball",156.21,139.92,34,78.1,"Changeup"
"Turner, Trea",607208,"field_out","popup",144.95,142.14,155,86.3,"4-Seam Fastball"
"Turner, Trea",607208,"single","ground_ball",121.73,123.85,65,78.4,"Slider"
"Soto, Juan",665742,"field_out","ground_ball",137.14,188.46,1,59.3,"Cutter"
"Alonso, Pete",624413,"double","line_drive",43.1,66.72,383,111.4,"4-Seam Fastball"
"Turner, Trea",607208,"field_out","fly_ball",162.42,107.67,220,85.7,"4-Seam Fastball"
"Soto, Juan",665742,"field_out","ground_ball",165.97,145.81,15,98.7,"Cutter"
"Harper, Bryce",547180,"field_out","fly_ball",184.47,93.16,299,84.7,"Changeup"
"Alonso, Pete",624413,"field_out","popup",127.64,206.72,9,79.4,"Changeup"
"Ohtani, Shohei",660271,"home_run","fly_ball",208.26,46.73,426,107.2,"Cutter"
"Soto, Juan",665742,"field_out","fly_ball",98.61,63.95,341,91.2,"4-Seam Fastball"
"Ohtani, Shohei",660271,"field_out","ground_ball",162.5,161.87,51,85.2,"Cutter"
"Swanson, Dansby",621020,"field_out","ground_ball",130,174.11,2,73.8,"4-Seam Fastball"
"Turner, Trea",607208,"field_out","ground_ball",107.09,146.29,90,96.3,"4-Seam Fastball"
"Soto, Juan",665742,"field_out","fly_ball",43.62,91.78,333,97.3,"4-Seam Fastball"
"Turner, Trea",607208,"field_out","fly_ball",127.92,91.08,270,91.7,"Slider"
"Alonso, Pete",624413,"double","line_drive",158.13,49.54,377,99.2,"Changeup"
"Harper, Bryce",547180,"single","ground_ball",189.03,139.08,9,94.9,"Changeup"
"Ohtani, Shohei",660271,"single","line_drive",178.81,108.13,261,105.4,"4-Seam Fastball"
"Alonso, Pete",624413,"single","ground_ball",79.72,118.36,132,95.8,"Sinker"
"Alonso, Pete",624413,"field_out","fly_ball",163.23,93.15,279,83.4,"Curveball"
"Swanson, Dansby",621020,"field_out","fly_ball",205.78,100.24,314,91.8,"4-Seam Fastball"
"Alonso, Pete",624413,"field_out","fly_ball",188.25,94.03,302,95.2,"Cutter"
"Turner, Trea",607208,"home_run","fly_ball",138.53,37.98,400,101.3,"Slider"
"Ohtani, Shohei",660271,"field_out","fly_ball",65.16,140.26,210,83.8,"Curveball"
"Soto, Juan",665742,"single","ground_ball",168.93,154.42,7,88.2,"4-Seam Fastball"
"Harper, Bryce",547180,"field_out","popup",101.04,133.75,177,81.7,"Curveball"
"Soto, Juan",665742,"field_out","fly_ball",197.43,120.39,251,94.3,"Slider"
"Swanson, Dansby",621020,"field_out","fly_ball",217.48,115.48,305,91.1,"4-Seam Fastball"
"Turner, Trea",607208,"field_out","fly_ball",131.63,100.09,249,76.1,"Slider"
"Alonso, Pete",624413,"triple","fly_ball",193.88,121.92,243,85.3,"Changeup"
"Soto, Juan",665742,"field_out","ground_ball",136.82,149.62,4,70.6,"Slider"
"Swanson, Dansby",621020,"field_out","line_drive",85.95,71.75,330,98.7,"Slider"
"Alonso, Pete",624413,"field_out","ground_ball",90.52,163.91,7,81.5,"Changeup"
"Swanson, Dansby",621020,"field_out","ground_ball",92.87,170.62,5,60.7,"Slider"
"Harper, Bryce",547180,"field_out","ground_ball",159.56,157.05,14,84.4,"Sinker"
"Ohtani, Shohei",660271,"field_out","ground_ball",158.95,153.94,55,101.2,"4-Seam Fastball"
"Turner, Trea",607208,"field_out","ground_ball",103.89,179.32,3,85,"4-Seam Fastball"
"Alonso, Pete",624413,"single","line_drive",147.31,96.15,231,78.2,"Curveball"
"Turner, Trea",607208,"single","ground_ball",143.41,149.28,20,107.6,"Sinker"
"Ohtani, Shohei",660271,"field_out","fly_ball",197.61,90.73,321,86,"Slider"
"Soto, Juan",665742,"home_run","fly_ball",24.22,100.25,349,97.4,"4-Seam Fastball"
"Harper, Bryce",547180,"single","ground_ball",102.55,167.67,3,52.9,"4-Seam Fastball"
"Alonso, Pete",624413,"double","line_drive",78.63,134.61,200,107.5,"Slider"
"Soto, Juan",665742,"home_run","fly_ball",129.64,32.48,412,107.1,"Knuckle Curve"
"Swanson, Dansby",621020,"field_out","ground_ball",106.55,150.48,27,99.1,"Cutter"
"Alonso, Pete",624413,"field_out","ground_ball",131.9,143.58,6,87.8,"Sinker"
"Swanson, Dansby",621020,"field_out","ground_ball",90.03,166.77,5,81,"4-Seam Fastball"
"Swanson, Dansby",621020,"field_out","fly_ball",206.59,113.5,290,82,"4-Seam Fastball"
"Soto, Juan",665742,"field_out","fly_ball",53.96,111.89,280,94.3,"4-Seam Fastball"
"Soto, Juan",665742,"single","ground_ball",71.6,112.77,55,86.3,"Sinker"
"Soto, Juan",665742,"single","ground_ball",196.42,103.62,30,99,"Slider"
"Turner, Trea",607208,"field_out","ground_ball",111.68,159.46,23,74.9,"4-Seam Fastball"
"Swanson, Dansby",621020,"home_run","fly_ball",139.14,35.75,405,102.5,"4-Seam Fastball"
"Turner, Trea",607208,"double","line_drive",46.66,97.06,200,106.1,"4-Seam Fastball"
"Swanson, Dansby",621020,"field_out","fly_ball",162.89,118,224,86.3,"4-Seam Fastball"
"Turner, Trea",607208,"field_out","line_drive",57.15,84.96,329,111.6,"Slider"
"Ohtani, Shohei",660271,"field_out","fly_ball",134.37,113.18,218,90.1,"4-Seam Fastball"
"Turner, Trea",607208,"field_out","ground_ball",97.69,168.42,5,91.5,"Changeup"
"Swanson, Dansby",621020,"field_out","fly_ball",141.38,97.86,257,73.5,"4-Seam Fastball"
"Soto, Juan",665742,"field_out","popup",118.58,173.87,74,73.9,"Knuckle Curve"
"Soto, Juan",665742,"field_out","fly_ball",81.84,114.12,239,91.1,"Cutter"
"Swanson, Dansby",621020,"field_out","ground_ball",95.84,166.35,4,81.8,"Slider"
"Harper, Bryce",547180,"single","ground_ball",103.15,180.81,11,42.1,"4-Seam Fastball"
"Turner, Trea",607208,"single","ground_ball",115.68,158.07,2,72.2,"Slider"
"Harper, Bryce",547180,"double","fly_ball",69.07,128.87,210,69.5,"Cutter"
"Harper, Bryce",547180,"field_out","ground_ball",159.91,129.19,5,95.3,"Sinker"
"Harper, Bryce",547180,"field_out","ground_ball",162.86,136.27,53,94.6,"Slider"
"Alonso, Pete",624413,"field_out","ground_ball",103.82,161.84,3,71.6,"Changeup"
"Soto, Juan",665742,"field_out","popup",103.57,133.19,178,83.1,"Cutter"
"Ohtani, Shohei",660271,"field_out","popup",81.01,169.29,136,91.7,"Cutter"
"Ohtani, Shohei",660271,"field_out","fly_ball",60.21,87.15,321,92.9,"4-Seam Fastball"
"Alonso, Pete",624413,"field_out","fly_ball",60.96,116.69,260,74.6,"Slider"
"Harper, Bryce",547180,"single","ground_ball",140.67,126.21,88,81,"Changeup"
"Turner, Trea",607208,"field_out","fly_ball",112.27,84.59,287,81.9,"Curveball"
"Soto, Juan",665742,"single","line_drive",171.64,77.13,227,113.7,"4-Seam Fastball"
"Soto, Juan",665742,"double","line_drive",149.54,45.29,345,96.1,"4-Seam Fastball"
"Turner, Trea",607208,"field_out","ground_ball",112.79,156.48,42,84.6,"Curveball"
"Swanson, Dansby",621020,"field_out","fly_ball",168.83,88.56,295,87.5,"4-Seam Fastball"
"Harper, Bryce",547180,"single","ground_ball",130.68,133.86,6,95,"4-Seam Fastball"
"Turner, Trea",607208,"single","line_drive",198.11,116.86,234,83.6,"Curveball"
"Harper, Bryce",547180,"field_out","line_drive",114.44,77,305,102.7,"Curveball"
"Swanson, Dansby",621020,"field_out","line_drive",58.71,107.32,281,95.5,"4-Seam Fastball"
"Swanson, Dansby",621020,"single","ground_ball",177.59,128.43,37,74.3,"Sinker"
"Harper, Bryce",547180,"home_run","fly_ball",227.87,66.5,378,104.8,"Curveball"
"Soto, Juan",665742,"field_out","ground_ball",136.86,160.96,2,63.6,"Changeup"
"Ohtani, Shohei",660271,"home_run","fly_ball",232.28,59.25,431,111.8,"Curveball"
"Harper, Bryce",547180,"field_out","ground_ball",142.88,141.25,68,90.4,"4-Seam Fastball"
"Harper, Bryce",547180,"single","line_drive",171.27,113.23,186,78.7,"Curveball"
"Alonso, Pete",624413,"single","line_drive",171.55,122.95,223,111,"Sinker"
"Turner, Trea",607208,"field_out","ground_ball",128.85,146,26,108.1,"Sinker"
"Swanson, Dansby",621020,"single","ground_ball",104.11,159.35,40,92.2,"Sinker"
"Alonso, Pete",624413,"single","line_drive",94.45,76.41,313,92,"Curveball"
"Turner, Trea",607208,"field_out","ground_ball",137.97,142.7,111,68.8,"4-Seam Fastball"
"Swanson, Dansby",621020,"field_out","fly_ball",128.29,117.91,206,82.1,"Slider"
"Alonso, Pete",624413,"field_out","fly_ball",100.2,85,290,80.7,"Slider"
"Harper, Bryce",547180,"field_out","ground_ball",102.25,137.61,118,80.7,"Curveball"
"Alonso, Pete",624413,"single","line_drive",108.05,120.92,203,83.3,"Sinker"
"Turner, Trea",607208,"single","fly_ball",106.95,114.78,215,94,"4-Seam Fastball"
"Turner, Trea",607208,"field_out","ground_ball",97.33,157.3,15,92.5,"Slider"
"Soto, Juan",665742,"home_run","fly_ball",98.35,39.44,401,103.5,"Sinker"
"Soto, Juan",665742,"field_out","ground_ball",130.64,143.59,6,80.2,"Sinker"
"Harper, Bryce",547180,"double","ground_ball",221.62,105.61,10,95.2,"Split-Finger"
"Swanson, Dansby",621020,"field_out","popup",125.35,120.19,200,80.6,"Sinker"
"Harper, Bryce",547180,"field_out","ground_ball",152.49,161.02,24,74.9,"Curveball"
"Soto, Juan",665742,"field_out","fly_ball",150.25,61.78,345,94.7,"Sinker"
"Swanson, Dansby",621020,"field_out","fly_ball",102.5,69.27,327,89.9,"Sinker"
"Ohtani, Shohei",660271,"field_out","fly_ball",101.92,120.69,207,78.1,"Slider"
"Turner, Trea",607208,"single","fly_ball",70.06,120.18,175,66.3,"4-Seam Fastball"
"Alonso, Pete",624413,"field_out","fly_ball",188.32,94.49,317,95.8,"Changeup"
"Soto, Juan",665742,"field_out","ground_ball",128.2,197.47,1,51.4,"Cutter"
"Swanson, Dansby",621020,"field_out","ground_ball",130.15,186.35,11,50.5,"Slider"
"Turner, Trea",607208,"single","line_drive",49.53,108.42,183,89.5,"Curveball"
"Alonso, Pete",624413,"field_out","ground_ball",104,136.51,11,103.6,"Sinker"
"Soto, Juan",665742,"single","fly_ball",75.61,141.92,193,66.7,"Cutter"
"Harper, Bryce",547180,"double","ground_ball",59.99,149.27,106,80.5,"Sinker"
"Turner, Trea",607208,"single","ground_ball",76.83,131.02,97,102.7,"Slider"
"Ohtani, Shohei",660271,"field_out","fly_ball",162.88,111.11,239,90.3,"4-Seam Fastball"
"Soto, Juan",665742,"field_out","line_drive",123.43,63.91,335,110.9,"Curveball"
"Swanson, Dansby",621020,"field_out","line_drive",118.36,41,391,108.8,"4-Seam Fastball"
"Ohtani, Shohei",660271,"field_out","fly_ball",143.92,88.14,281,82,"Curveball"
"Swanson, Dansby",621020,"field_out","fly_ball",204.59,125.01,266,83,"4-Seam Fastball"
"Harper, Bryce",547180,"home_run","line_drive",86.25,41.48,406,110.4,"4-Seam Fastball"
"Soto, Juan",665742,"field_out","ground_ball",156.51,161.15,11,73.2,"Slider"
"Turner, Trea",607208,"home_run","fly_ball",7.25,83.47,406,112.2,"Sinker"
"Alonso, Pete",624413,"field_out","line_drive",89.71,157.9,139,86,"Curveball"
"Ohtani, Shohei",660271,"field_out","ground_ball",145.76,164.19,2,84.4,"Curveball"
"Swanson, Dansby",621020,"single","ground_ball",120.87,137.82,7,78,"4-Seam Fastball"
"Swanson, Dansby",621020,"field_out","fly_ball",110.93,69.02,325,86.9,"Slider"
"Soto, Juan",665742,"field_out","fly_ball",178.43,61.61,362,93.9,"Slider"
"Harper, Bryce",547180,"double","line_drive",63.06,69.92,354,98.8,"Changeup"
"Ohtani, Shohei",660271,"field_out","fly_ball",61.5,121.06,252,87.7,"Curveball"
"Turner, Trea",607208,"field_out","ground_ball",103.86,153.36,5,75.9,"Sinker"
"Alonso, Pete",624413,"field_out","popup",107.23,134.6,171,64.7,"Sinker"
"Harper, Bryce",547180,"field_out","fly_ball",50.36,95.9,316,90.9,"4-Seam Fastball"
"Alonso, Pete",624413,"home_run","fly_ball",2.18,65,447,107.9,"Slider"
"Ohtani, Shohei",660271,"field_out","fly_ball",89.6,82.1,305,97.3,"4-Seam Fastball"
"Soto, Juan",665742,"home_run","fly_ball",172.34,29.84,433,114.1,"4-Seam Fastball"
"Harper, Bryce",547180,"double","line_drive",149.38,82.88,294,80.6,"Changeup"
"Soto, Juan",665742,"field_out","ground_ball",153.73,135.95,4,99.2,"4-Seam Fastball"
"Alonso, Pete",624413,"single","line_drive",155.47,134.39,180,83.7,"Changeup"
"Turner, Trea",607208,"double","line_drive",60.25,111.25,220,96,"Cutter"
"Harper, Bryce",547180,"double","line_drive",164.55,58.88,262,110.3,"Cutter"
"Turner, Trea",607208,"field_out","popup",179.14,161.96,162,83.7,"Cutter"
"Soto, Juan",665742,"field_out","ground_ball",155.49,166.07,53,74.4,"Slider"
"Turner, Trea",607208,"field_out","fly_ball",130.63,63.24,336,90,"Slider"
"Ohtani, Shohei",660271,"home_run","fly_ball",210.13,72.71,374,110.7,"Slider"
"Alonso, Pete",624413,"field_out","fly_ball",103.11,65.26,335,88.5,"Slider"
"Turner, Trea",607208,"field_out","popup",102.79,161.37,115,70.4,"Slider"
"Soto, Juan",665742,"field_out","fly_ball",140.17,101.89,246,87.9,"Curveball"
"Turner, Trea",607208,"field_out","ground_ball",100.47,146.51,5,107.5,"Slider"
"Alonso, Pete",624413,"field_out","line_drive",129.67,139.96,154,54.2,"4-Seam Fastball"
"Turner, Trea",607208,"single","ground_ball",83.98,118.56,39,97.1,"Slider"
"Soto, Juan",665742,"field_out","ground_ball",142.84,157.49,2,90.4,"Slider"
"Harper, Bryce",547180,"home_run","fly_ball",109.2,19.54,445,109.2,"Cutter"
"Soto, Juan",665742,"field_out","ground_ball",143.49,148.4,116,78.8,"Changeup"
"Harper, Bryce",547180,"single","line_drive",149.41,84.15,254,95.1,"Curveball"
"Alonso, Pete",624413,"single","line_drive",118.59,136.66,161,110,"Slider"
"Ohtani, Shohei",660271,"field_out","ground_ball",149.23,173.26,19,92.9,"Curveball"
"Soto, Juan",665742,"single","line_drive",99.91,82.03,261,89.2,"Sinker"
"Alonso, Pete",624413,"field_out","ground_ball",96.63,133.19,5,102.4,"4-Seam Fastball"
"Soto, Juan",665742,"field_out","line_drive",61.72,96.25,301,111.9,"4-Seam Fastball"
"Harper, Bryce",547180,"field_out","ground_ball",148.96,132.05,14,110,"4-Seam Fastball"
"Ohtani, Shohei",660271,"field_out","fly_ball",65.22,75.89,340,104.9,"Changeup"
"Swanson, Dansby",621020,"field_out","ground_ball",96,151.99,5,82.8,"4-Seam Fastball"
"Ohtani, Shohei",660271,"single","line_drive",157.93,93.26,186,103.5,"4-Seam Fastball"
"Swanson, Dansby",621020,"double","line_drive",98.01,52.65,324,97.8,"Curveball"
"Alonso, Pete",624413,"single","line_drive",147.38,134.48,174,95.3,"Curveball"
"Harper, Bryce",547180,"single","line_drive",174.41,95.97,208,96.3,"Slider"
"Soto, Juan",665742,"field_out","ground_ball",150.45,145.28,11,86.9,"Curveball"
"Soto, Juan",665742,"field_out","ground_ball",147.72,138.68,4,98.1,"Curveball"
"Harper, Bryce",547180,"field_out","line_drive",199.45,84.62,334,106,"Slider"
"Alonso, Pete",624413,"single","line_drive",163.48,118.72,206,95.6,"Slider"
"Turner, Trea",607208,"field_out","line_drive",145.05,126.87,191,86.8,"Sinker"
"Turner, Trea",607208,"double","ground_ball",67.05,140.78,49,101.5,"Cutter"
"Swanson, Dansby",621020,"field_out","popup",134.66,121.27,199,62,"Sinker"
"Swanson, Dansby",621020,"field_out","ground_ball",105.86,143.24,55,104.6,"Sinker"
"Swanson, Dansby",621020,"home_run","fly_ball",152.02,35.91,408,100.7,"Curveball"
"Turner, Trea",607208,"field_out","ground_ball",125.33,137.05,11,100.2,"Split-Finger"
"Soto, Juan",665742,"field_out","line_drive",194.05,74.47,350,103,"Changeup"
"Harper, Bryce",547180,"field_out","ground_ball",119.37,157.38,4,58.7,"Changeup"
"Harper, Bryce",547180,"field_out","fly_ball",70.8,133.74,213,82.8,"Slider"
"Swanson, Dansby",621020,"field_out","popup",178.53,147.92,184,84.6,"4-Seam Fastball"
"Swanson, Dansby",621020,"single","ground_ball",112,183.97,1,62.1,"Knuckle Curve"
"Harper, Bryce",547180,"field_out","ground_ball",160.17,132.88,41,106.7,"Sinker"
"Alonso, Pete",624413,"single","line_drive",168.85,104.07,236,77.6,"Sinker"
"Ohtani, Shohei",660271,"single","ground_ball",164.18,122.18,NA,NA,NA
"Turner, Trea",607208,"field_out","fly_ball",166.25,98.44,270,84.8,"Slider"
"Turner, Trea",607208,"field_out","line_drive",61.2,71.15,353,110.9,"Sinker"
"Swanson, Dansby",621020,"field_out","ground_ball",97.04,169.59,3,68.6,"4-Seam Fastball"
"Turner, Trea",607208,"single","ground_ball",71.11,121.08,128,105,"Curveball"
"Swanson, Dansby",621020,"double","line_drive",166.96,52.49,354,102.8,"4-Seam Fastball"
"Harper, Bryce",547180,"single","line_drive",60.43,114.09,200,82.3,"4-Seam Fastball"
"Soto, Juan",665742,"field_out","fly_ball",69.6,91.46,300,89.3,"Curveball"
"Turner, Trea",607208,"field_out","popup",169.04,182.23,115,79,"Curveball"
"Alonso, Pete",624413,"home_run","fly_ball",74.33,55.74,377,102,"Sinker"
"Harper, Bryce",547180,"single","line_drive",165.9,81.05,276,103.3,"4-Seam Fastball"
"Alonso, Pete",624413,"field_out","popup",114.47,125.87,188,61,"4-Seam Fastball"
"Turner, Trea",607208,"single","ground_ball",101.34,104.07,88,83.4,"Slider"
"Soto, Juan",665742,"single","fly_ball",70.03,118.75,245,73.9,"4-Seam Fastball"
"Soto, Juan",665742,"single","ground_ball",138.65,96.91,27,87.6,"Slider"
"Ohtani, Shohei",660271,"field_out","ground_ball",152.62,139.31,5,85.7,"Cutter"
"Turner, Trea",607208,"home_run","fly_ball",57.76,64.18,374,96.8,"4-Seam Fastball"
"Alonso, Pete",624413,"single","ground_ball",115.2,185.37,NA,NA,"Sinker"
"Alonso, Pete",624413,"field_out","ground_ball",116.96,147.61,3,98.6,"Sinker"
"Turner, Trea",607208,"field_out","fly_ball",131.99,51.92,364,97.8,"Slider"
"Harper, Bryce",547180,"home_run","fly_ball",219.43,51.26,430,111,"Slider"
"Ohtani, Shohei",660271,"single","ground_ball",176.53,118.17,113,93.4,"Slider"
"Alonso, Pete",624413,"home_run","line_drive",166.12,47.91,387,105.2,"Slider"
"Turner, Trea",607208,"single","fly_ball",106.01,96.88,254,74.5,"Slider"
"Harper, Bryce",547180,"field_out","popup",148.61,152.32,134,96.6,"4-Seam Fastball"
"Swanson, Dansby",621020,"single","line_drive",96.39,84.42,198,103.8,"Slider"
"Alonso, Pete",624413,"field_out","ground_ball",86.69,157.42,6,85,"Slider"
"Swanson, Dansby",621020,"field_out","ground_ball",105.36,155.71,2,55.6,"Slider"
"Soto, Juan",665742,"single","line_drive",171.36,82.38,190,107.9,"Slider"
"Ohtani, Shohei",660271,"field_out","ground_ball",145.93,136.71,13,96,"Slider"
"Turner, Trea",607208,"double","line_drive",201.08,120.81,241,81.9,"Slider"
"Turner, Trea",607208,"field_out","ground_ball",109.14,164.17,5,81.5,"Slider"
"Harper, Bryce",547180,"field_out","ground_ball",153.91,158.82,19,89,"Cutter"
"Turner, Trea",607208,"single","ground_ball",150.06,112.41,14,105.2,"4-Seam Fastball"
"Turner, Trea",607208,"single","ground_ball",97.2,139.73,88,99.7,"4-Seam Fastball"
"Harper, Bryce",547180,"field_out","ground_ball",159.83,167.76,22,69.3,"Sinker"
"Ohtani, Shohei",660271,"single","line_drive",190.55,101.24,224,92,"4-Seam Fastball"
"Alonso, Pete",624413,"single","line_drive",175.31,82.22,261,111.8,"4-Seam Fastball"
"Turner, Trea",607208,"field_out","line_drive",102.02,145.32,151,110.5,"Slider"
"Alonso, Pete",624413,"field_out","ground_ball",104.15,153.72,5,69.8,"Changeup"
"Alonso, Pete",624413,"single","ground_ball",98.79,107.37,80,118.4,"4-Seam Fastball"
"Ohtani, Shohei",660271,"single","ground_ball",140.38,179.3,1,57.9,"Knuckle Curve"
"Alonso, Pete",624413,"field_out","ground_ball",96.5,164.22,65,102.7,"4-Seam Fastball"
"Ohtani, Shohei",660271,"field_out","fly_ball",161.03,81.69,304,98.9,"4-Seam Fastball"
"Turner, Trea",607208,"field_out","fly_ball",100.65,99.74,256,96.2,"4-Seam Fastball"
"Ohtani, Shohei",660271,"field_out","ground_ball",162.04,143.73,14,88.5,"4-Seam Fastball"
"Swanson, Dansby",621020,"single","ground_ball",90.8,121.14,56,76.4,"Sinker"
"Harper, Bryce",547180,"field_out","fly_ball",108.78,44.57,383,100.4,"4-Seam Fastball"
"Harper, Bryce",547180,"field_out","popup",117.9,157.19,113,86.9,"4-Seam Fastball"
"Ohtani, Shohei",660271,"field_out","line_drive",167.61,66.08,345,99.5,"Slider"
"Harper, Bryce",547180,"field_out","line_drive",58.9,69.47,360,99.4,"4-Seam Fastball"
"Alonso, Pete",624413,"single","ground_ball",150.75,139.71,26,88,"Sinker"
"Swanson, Dansby",621020,"single","line_drive",65.93,107.22,157,94.9,"Changeup"
"Swanson, Dansby",621020,"field_out","fly_ball",207.35,105.68,306,88.7,"Slider"
"Soto, Juan",665742,"home_run","line_drive",37.2,69.82,386,109.5,"Sinker"
"Soto, Juan",665742,"field_out","ground_ball",121.48,135.17,80,96.9,"4-Seam Fastball"
"Alonso, Pete",624413,"field_out","fly_ball",198.45,94.97,313,96.4,"4-Seam Fastball"
"Ohtani, Shohei",660271,"home_run","fly_ball",218.68,50.51,430,110.1,"Slider"
"Harper, Bryce",547180,"field_out","fly_ball",76.06,100.71,273,83,"Slider"
"Alonso, Pete",624413,"field_out","ground_ball",97.58,135.27,7,101.9,"4-Seam Fastball"
"Ohtani, Shohei",660271,"field_out","ground_ball",154.31,170.23,14,88.1,"4-Seam Fastball"
"Turner, Trea",607208,"field_out","line_drive",122.36,81.93,292,87.7,"Sinker"
"Alonso, Pete",624413,"home_run","line_drive",59.84,52.01,398,106.5,"Sinker"
"Swanson, Dansby",621020,"field_out","popup",111.14,134.89,169,94.7,"Slider"
"Alonso, Pete",624413,"field_out","ground_ball",123.15,198.52,1,54.9,"Sinker"
"Turner, Trea",607208,"field_out","fly_ball",188.87,97.72,295,88.7,"Slider"
"Swanson, Dansby",621020,"field_out","ground_ball",99.55,144.46,9,98.2,"Sinker"
"Harper, Bryce",547180,"home_run","fly_ball",172.2,33.6,424,106.1,"4-Seam Fastball"
"Swanson, Dansby",621020,"field_out","popup",172.65,169.16,140,66.3,"Sinker"
"Harper, Bryce",547180,"field_out","fly_ball",87,109.18,244,79.4,"Changeup"
"Turner, Trea",607208,"double","line_drive",63.69,134.03,223,101,"Changeup"
"Alonso, Pete",624413,"field_out","ground_ball",102.23,166.29,5,60.9,"Sinker"
"Soto, Juan",665742,"double","line_drive",153.8,43.63,229,116.6,"Sinker"
"Ohtani, Shohei",660271,"single","ground_ball",130.45,108.17,79,99.9,"4-Seam Fastball"
"Alonso, Pete",624413,"triple","line_drive",173.62,67.04,281,112.6,"Split-Finger"
"Ohtani, Shohei",660271,"field_out","fly_ball",165.47,62.29,352,108.6,"4-Seam Fastball"
"Turner, Trea",607208,"double","ground_ball",110.14,91.48,85,106.7,"4-Seam Fastball"
"Swanson, Dansby",621020,"field_out","line_drive",129.84,68.21,325,98.3,"Slider"
"Ohtani, Shohei",660271,"field_out","fly_ball",154.21,72.46,321,91.7,"Slider"
"Turner, Trea",607208,"field_out","fly_ball",148.91,66.04,342,95.1,"4-Seam Fastball"
"Alonso, Pete",624413,"field_out","ground_ball",110.16,147.34,15,97.2,"4-Seam Fastball"
"Swanson, Dansby",621020,"field_out","fly_ball",205.69,104.88,305,89.9,"4-Seam Fastball"
"Swanson, Dansby",621020,"single","ground_ball",112.91,155.92,3,51.8,"4-Seam Fastball"
"Swanson, Dansby",621020,"single","line_drive",82.28,68.76,276,103.2,"4-Seam Fastball"
"Alonso, Pete",624413,"field_out","line_drive",182.36,89.13,307,94.3,"4-Seam Fastball"
"Turner, Trea",607208,"single","ground_ball",64.11,108.44,89,96.1,"Slider"
"Turner, Trea",607208,"field_out","line_drive",127.05,133.11,170,95.6,"Split-Finger"
"Swanson, Dansby",621020,"field_out","fly_ball",188.48,86.71,318,88,"4-Seam Fastball"
"Ohtani, Shohei",660271,"single","ground_ball",132.44,85.29,146,95.9,"Knuckle Curve"
"Swanson, Dansby",621020,"home_run","fly_ball",123.85,30.43,417,105.3,"4-Seam Fastball"
"Alonso, Pete",624413,"double","line_drive",50.63,84.81,337,109.1,"4-Seam Fastball"
"Turner, Trea",607208,"double","line_drive",104.22,105.75,240,100.2,"Slider"
"Turner, Trea",607208,"single","line_drive",131.02,113.17,218,93.2,"Slider"
"Turner, Trea",607208,"field_out","fly_ball",162.74,72.03,328,97.7,"4-Seam Fastball"
"Soto, Juan",665742,"field_out","line_drive",73.56,111.55,254,78.5,"Curveball"
"Swanson, Dansby",621020,"field_out","popup",164.25,182.38,104,69.4,"Slider"
"Swanson, Dansby",621020,"field_out","ground_ball",127.94,176.75,7,69.1,"Curveball"
"Alonso, Pete",624413,"field_out","fly_ball",140.09,86.24,283,90.9,"Changeup"
"Harper, Bryce",547180,"field_out","ground_ball",148.53,144.17,42,97.9,"Curveball"
"Ohtani, Shohei",660271,"single","ground_ball",146.62,167.75,29,77.7,"Sinker"
"Turner, Trea",607208,"single","line_drive",148.16,119.19,152,107.1,"4-Seam Fastball"
"Alonso, Pete",624413,"field_out","fly_ball",166.53,113.91,236,79.1,"4-Seam Fastball"
"Swanson, Dansby",621020,"field_out","ground_ball",128.28,136.2,83,71.9,"Sinker"
"Swanson, Dansby",621020,"single","ground_ball",98.85,148.47,49,95.7,"Split-Finger"
"Swanson, Dansby",621020,"single","line_drive",100.52,93.96,173,95.6,"Slider"
"Alonso, Pete",624413,"field_out","fly_ball",203.12,82,345,95.7,"Sinker"
"Swanson, Dansby",621020,"field_out","ground_ball",118.79,147.84,33,73.8,"Slider"
"Soto, Juan",665742,"double","fly_ball",192.29,60.29,378,100.2,"4-Seam Fastball"
"Alonso, Pete",624413,"field_out","ground_ball",94.91,160.85,5,85.5,"Knuckle Curve"
"Ohtani, Shohei",660271,"single","ground_ball",131.97,85.85,122,101.8,"4-Seam Fastball"
"Turner, Trea",607208,"field_out","fly_ball",84.14,92.07,320,86.5,"Slider"
"Swanson, Dansby",621020,"home_run","fly_ball",66.48,36.24,427,106.7,"Slider"
"Swanson, Dansby",621020,"field_out","ground_ball",102.73,160.11,2,78.6,"4-Seam Fastball"
"Swanson, Dansby",621020,"home_run","fly_ball",38.12,76.16,369,101.1,"Curveball"
"Harper, Bryce",547180,"field_out","ground_ball",154.41,146.15,5,72.2,"Changeup"
"Harper, Bryce",547180,"triple","line_drive",161.62,54.65,324,102.7,"4-Seam Fastball"
"Turner, Trea",607208,"field_out","ground_ball",151.12,167.15,7,72.1,"Slider"
"Alonso, Pete",624413,"field_out","ground_ball",112.6,158.09,31,107,"4-Seam Fastball"
"Ohtani, Shohei",660271,"field_out","line_drive",70.65,85.22,314,114.9,"Sinker"
"Ohtani, Shohei",660271,"field_out","fly_ball",93.18,80.33,306,93.4,"Slider"
"Ohtani, Shohei",660271,"home_run","fly_ball",191.72,54.08,393,107.3,"Changeup"
"Harper, Bryce",547180,"single","ground_ball",119.03,151.99,8,70.4,"Split-Finger"
"Swanson, Dansby",621020,"single","ground_ball",111.05,165.19,1,48.9,"Curveball"
"Soto, Juan",665742,"single","ground_ball",159.89,156.49,4,93.5,"Curveball"
"Harper, Bryce",547180,"field_out","ground_ball",165.45,149.88,101,98.9,"4-Seam Fastball"
"Swanson, Dansby",621020,"field_out","popup",125.56,142.36,147,88.6,"4-Seam Fastball"
"Turner, Trea",607208,"single","ground_ball",77,130,63,99.3,"Curveball"
"Ohtani, Shohei",660271,"field_out","fly_ball",191.54,76.18,344,92.9,"Changeup"
"Swanson, Dansby",621020,"field_out","ground_ball",135.03,147.94,5,78.9,"4-Seam Fastball"
"Swanson, Dansby",621020,"home_run","fly_ball",88.15,33.9,418,104.8,"4-Seam Fastball"
"Ohtani, Shohei",660271,"single","ground_ball",103.22,139.52,94,55.8,"4-Seam Fastball"
"Harper, Bryce",547180,"field_out","fly_ball",122.62,102.32,243,75.4,"Slider"
"Turner, Trea",607208,"field_out","ground_ball",91.14,156.7,4,87.8,"4-Seam Fastball"
"Soto, Juan",665742,"single","line_drive",140.56,73.16,315,109.6,"Sinker"
"Alonso, Pete",624413,"field_out","fly_ball",162.24,124.97,207,74.2,"Changeup"
"Ohtani, Shohei",660271,"field_out","line_drive",130.57,126.63,186,92.1,"4-Seam Fastball"
"Turner, Trea",607208,"field_out","popup",126.46,128.04,182,87.7,"4-Seam Fastball"
"Alonso, Pete",624413,"single","ground_ball",155.61,135.58,15,100.5,"Knuckle Curve"
"Swanson, Dansby",621020,"single","ground_ball",125.02,121.23,51,96.1,"4-Seam Fastball"
"Ohtani, Shohei",660271,"field_out","fly_ball",97.64,62.4,345,106.2,"Changeup"
"Soto, Juan",665742,"field_out","ground_ball",131.54,190.16,1,54.1,"Cutter"
"Swanson, Dansby",621020,"field_out","ground_ball",96.93,161.7,71,98.8,"Changeup"
"Alonso, Pete",624413,"single","line_drive",148.61,131.02,183,86.4,"Sinker"
"Turner, Trea",607208,"field_out","ground_ball",130.26,141.23,11,96.3,"Sinker"
"Alonso, Pete",624413,"field_out","line_drive",119.44,131.45,173,82.8,"Changeup"
"Swanson, Dansby",621020,"single","fly_ball",171.73,128.98,210,68.7,"Slider"
"Turner, Trea",607208,"field_out","ground_ball",117.14,156.26,57,100.3,"Sinker"
"Harper, Bryce",547180,"home_run","line_drive",72.52,37.2,421,108.8,"4-Seam Fastball"
"Alonso, Pete",624413,"field_out","popup",150.61,189.73,69,49.3,"4-Seam Fastball"
"Alonso, Pete",624413,"double","line_drive",188.88,129.5,164,106.4,"Sinker"
"Alonso, Pete",624413,"home_run","fly_ball",54.04,43.58,422,108.8,"Sinker"
"Soto, Juan",665742,"field_out","line_drive",110.14,67.05,330,104,"Curveball"
"Ohtani, Shohei",660271,"double","line_drive",77.74,50.86,385,112,"Sinker"
"Turner, Trea",607208,"field_out","ground_ball",114.97,134.68,103,74.7,"4-Seam Fastball"
"Turner, Trea",607208,"field_out","popup",167.69,144.42,173,74.8,"Sinker"
"Turner, Trea",607208,"single","ground_ball",112.93,108.67,42,104.1,"Changeup"
"Turner, Trea",607208,"field_out","fly_ball",148.45,53.73,363,97.7,"Changeup"
"Harper, Bryce",547180,"field_out","fly_ball",144.81,50.74,369,104.6,"4-Seam Fastball"
"Ohtani, Shohei",660271,"home_run","fly_ball",126.44,32.04,413,105.6,"Slider"
"Swanson, Dansby",621020,"field_out","fly_ball",201.3,100.23,307,91.7,"Cutter"
"Turner, Trea",607208,"field_out","line_drive",173.97,95.35,284,102.4,"Slider"
"Swanson, Dansby",621020,"field_out","popup",103.47,161.69,115,78.5,"Slider"
"Turner, Trea",607208,"field_out","fly_ball",152.12,126.26,195,64.4,"Cutter"
"Swanson, Dansby",621020,"field_out","line_drive",126.06,82.45,291,83,"Slider"
"Turner, Trea",607208,"field_out","ground_ball",113.14,141.34,11,111.8,"Sinker"
"Swanson, Dansby",621020,"field_out","popup",144.8,182.04,68,74,"4-Seam Fastball"
"Ohtani, Shohei",660271,"field_out","fly_ball",194.75,69.37,362,104.4,"Changeup"
"Ohtani, Shohei",660271,"field_out","fly_ball",188.66,84.12,323,95.2,"Changeup"
"Alonso, Pete",624413,"field_out","fly_ball",163.69,104.16,255,85.4,"4-Seam Fastball"
"Soto, Juan",665742,"single","ground_ball",132.21,97.65,62,109.9,"4-Seam Fastball"
"Turner, Trea",607208,"field_out","line_drive",93.63,166.21,118,78.6,"Knuckle Curve"
"Alonso, Pete",624413,"single","ground_ball",96.45,148.05,56,110.4,"Sinker"
"Turner, Trea",607208,"single","ground_ball",114.82,169.75,10,39.5,"4-Seam Fastball"
"Swanson, Dansby",621020,"single","line_drive",74.8,89.42,208,106.7,"Sinker"
"Swanson, Dansby",621020,"field_out","ground_ball",127.89,143.93,108,70.4,"Sinker"
"Soto, Juan",665742,"home_run","line_drive",80.34,45.58,396,106.7,"Changeup"
"Turner, Trea",607208,"field_out","popup",122.47,153.95,120,71,"Slider"
"Alonso, Pete",624413,"double","fly_ball",136.02,32.71,410,107.4,"4-Seam Fastball"
"Alonso, Pete",624413,"double","line_drive",106.27,35.9,404,108,"Slider"
"Ohtani, Shohei",660271,"field_out","ground_ball",107.3,151.17,7,87.7,"4-Seam Fastball"
"Soto, Juan",665742,"single","ground_ball",199,113,42,105.7,"Slider"
"Ohtani, Shohei",660271,"triple","line_drive",202.43,127.95,171,90.1,"Changeup"
"Turner, Trea",607208,"double","line_drive",173.13,66.38,262,108,"4-Seam Fastball"
"Harper, Bryce",547180,"home_run","fly_ball",33.98,90.75,350,100.9,"4-Seam Fastball"
"Alonso, Pete",624413,"field_out","fly_ball",117.03,42.39,387,106.7,"Curveball"
"Turner, Trea",607208,"field_out","fly_ball",81.69,100.9,268,87.2,"Slider"
"Harper, Bryce",547180,"field_out","ground_ball",165.25,127.97,139,97.1,"Curveball"
"Alonso, Pete",624413,"field_out","ground_ball",124.11,173.38,2,80.8,"Sinker"
"Swanson, Dansby",621020,"single","line_drive",58.36,93.16,207,103.6,"Slider"
"Swanson, Dansby",621020,"field_out","line_drive",80.92,94.62,283,89.7,"4-Seam Fastball"
"Turner, Trea",607208,"double","line_drive",59.74,124.99,201,89,"Changeup"
"Turner, Trea",607208,"field_out","fly_ball",54.16,81.95,338,95.2,"Changeup"
"Turner, Trea",607208,"single","line_drive",169.75,102.1,145,102.1,"4-Seam Fastball"
"Swanson, Dansby",621020,"double","line_drive",45.88,123.89,238,91.8,"Changeup"
"Harper, Bryce",547180,"field_out","fly_ball",204.8,117.85,279,85.6,"Changeup"
"Alonso, Pete",624413,"field_out","ground_ball",96.07,165.48,116,108.6,"4-Seam Fastball"
"Turner, Trea",607208,"field_out","line_drive",75.86,102.18,271,76.4,"Slider"
"Harper, Bryce",547180,"field_out","line_drive",106.95,141.37,157,101.4,"Changeup"
"Turner, Trea",607208,"field_out","ground_ball",133.19,132.95,117,102.8,"Changeup"
"Swanson, Dansby",621020,"field_out","fly_ball",176.79,73.66,335,97.9,"4-Seam Fastball"
"Swanson, Dansby",621020,"single","ground_ball",110.5,175.33,1,63.5,"Curveball"
"Alonso, Pete",624413,"field_out","fly_ball",82.01,76.25,322,85.3,"Changeup"
"Swanson, Dansby",621020,"field_out","line_drive",142.71,43.35,387,104.6,"Curveball"
"Harper, Bryce",547180,"field_out","line_drive",61.14,99.32,295,98.8,"Cutter"
"Swanson, Dansby",621020,"field_out","line_drive",114.3,65.02,349,104.9,"Sinker"
"Alonso, Pete",624413,"field_out","ground_ball",134.29,162.75,93,39.7,"Sinker"
"Turner, Trea",607208,"field_out","popup",128.6,210.26,17,86.6,"Sinker"
"Harper, Bryce",547180,"field_out","fly_ball",72.41,63.09,360,104.1,"Slider"
"Harper, Bryce",547180,"home_run","fly_ball",130.95,23.16,442,109,"4-Seam Fastball"
"Swanson, Dansby",621020,"field_out","fly_ball",172.15,121.68,226,94.4,"4-Seam Fastball"
"Harper, Bryce",547180,"field_out","ground_ball",149.96,152.04,50,77.2,"Cutter"
"Swanson, Dansby",621020,"field_out","ground_ball",101.97,169.59,42,100,"4-Seam Fastball"
"Alonso, Pete",624413,"field_out","fly_ball",112.19,53.03,362,93.2,"4-Seam Fastball"
"Harper, Bryce",547180,"field_out","line_drive",41.47,104.77,312,98.7,"Sinker"
"Swanson, Dansby",621020,"field_out","popup",155.83,161.96,123,88.9,"Cutter"
"Harper, Bryce",547180,"home_run","fly_ball",118.04,26.43,427,106.3,"Sinker"
"Harper, Bryce",547180,"field_out","line_drive",203.73,101.48,307,87.4,"Curveball"
"Ohtani, Shohei",660271,"field_out","fly_ball",173.14,100.25,272,99.5,"Changeup"
"Swanson, Dansby",621020,"double","line_drive",214.71,111.86,262,87.7,"Sinker"
"Swanson, Dansby",621020,"double","line_drive",212.31,88.45,346,103.1,"4-Seam Fastball"
"Soto, Juan",665742,"double","fly_ball",145.17,53.29,386,105.7,"4-Seam Fastball"
"Harper, Bryce",547180,"field_out","line_drive",107.78,79.86,300,102,"Sinker"
"Soto, Juan",665742,"single","fly_ball",71.18,134.76,201,65.5,"Sinker"
"Alonso, Pete",624413,"single","ground_ball",114.9,157.58,47,77.6,"Slider"
"Ohtani, Shohei",660271,"field_out","fly_ball",167.87,84.64,302,104.1,"Curveball"
"Harper, Bryce",547180,"single","ground_ball",72.11,104.12,80,101.1,"4-Seam Fastball"
"Swanson, Dansby",621020,"single","ground_ball",120.84,189.02,1,53.2,"Changeup"
"Ohtani, Shohei",660271,"field_out","ground_ball",157.93,168.64,69,101.6,"Cutter"
"Soto, Juan",665742,"field_out","ground_ball",140.92,174.51,3,81.6,"Cutter"
"Soto, Juan",665742,"field_out","ground_ball",127.11,177.73,2,64.9,"4-Seam Fastball"
"Harper, Bryce",547180,"single","ground_ball",97.88,115.76,56,87.4,"4-Seam Fastball"
"Swanson, Dansby",621020,"single","ground_ball",139.8,76.67,28,99.4,"4-Seam Fastball"
"Alonso, Pete",624413,"field_out","line_drive",81.3,87.64,298,87.2,"Cutter"
"Harper, Bryce",547180,"field_out","fly_ball",77.01,92.76,291,84.5,"4-Seam Fastball"
"Harper, Bryce",547180,"double","line_drive",154.35,87.54,286,96,"Curveball"
"Alonso, Pete",624413,"field_out","line_drive",164.04,91.23,285,88.1,"Sinker"
"Swanson, Dansby",621020,"single","line_drive",148.71,92.53,189,83.5,"4-Seam Fastball"
"Swanson, Dansby",621020,"single","line_drive",149.64,74.48,208,99.8,"4-Seam Fastball"
"Soto, Juan",665742,"field_out","ground_ball",138.09,143.33,4,88.5,"4-Seam Fastball"
"Soto, Juan",665742,"field_out","ground_ball",126.12,186.49,2,59.9,"Slider"
"Ohtani, Shohei",660271,"double","line_drive",218.78,108.73,215,109.9,"Curveball"
"Harper, Bryce",547180,"field_out","ground_ball",164.11,148.07,104,105.1,"Slider"
"Soto, Juan",665742,"single","line_drive",179.64,73.4,282,111.8,"Slider"
"Harper, Bryce",547180,"field_out","fly_ball",84.23,65.28,347,94.5,"Slider"
"Soto, Juan",665742,"field_out","fly_ball",78.71,132.08,242,91.1,"4-Seam Fastball"
"Swanson, Dansby",621020,"field_out","ground_ball",86.77,163.17,3,92.2,"Sinker"
"Alonso, Pete",624413,"field_out","ground_ball",108.95,126.31,125,101.1,"Slider"
"Swanson, Dansby",621020,"single","line_drive",97.56,68.87,286,107.7,"Cutter"
"Alonso, Pete",624413,"field_out","fly_ball",42.31,85.79,346,97.7,"Slider"
"Ohtani, Shohei",660271,"field_out","ground_ball",157.32,140.76,43,79.9,"Slider"
"Soto, Juan",665742,"field_out","line_drive",93.19,72.99,323,90.5,"4-Seam Fastball"
"Harper, Bryce",547180,"home_run","fly_ball",76.83,31.56,430,107.1,"4-Seam Fastball"
"Ohtani, Shohei",660271,"single","ground_ball",172.84,136.69,56,83.2,"Changeup"
"Harper, Bryce",547180,"field_out","ground_ball",151.48,148.59,5,82.7,"Slider"
"Ohtani, Shohei",660271,"field_out","fly_ball",60.37,122.58,246,95.7,"Changeup"
"Alonso, Pete",624413,"field_out","fly_ball",104.46,123.91,197,94.1,"Changeup"
"Swanson, Dansby",621020,"field_out","ground_ball",108.17,164.19,2,58.5,"Slider"
"Ohtani, Shohei",660271,"field_out","ground_ball",162.78,136.52,43,101.6,"Changeup"
"Alonso, Pete",624413,"single","ground_ball",110.22,145.93,20,100.4,"Changeup"
"Harper, Bryce",547180,"field_out","ground_ball",143,157.34,22,70.3,"4-Seam Fastball"
"Alonso, Pete",624413,"home_run","fly_ball",47.78,57.35,399,108.9,"Sinker"
"Harper, Bryce",547180,"double","line_drive",45.73,118.87,242,88.6,"Sinker"
"Alonso, Pete",624413,"field_out","fly_ball",161.72,95.43,273,93.9,"Sinker"
"Alonso, Pete",624413,"field_out","line_drive",164.83,104.65,256,78.5,"Sinker"
"Soto, Juan",665742,"single","line_drive",62.13,113.11,179,92.6,"4-Seam Fastball"
"Harper, Bryce",547180,"field_out","fly_ball",37.65,87.49,350,99.2,"4-Seam Fastball"
"Ohtani, Shohei",660271,"field_out","line_drive",144.62,137.56,165,89.9,"Knuckle Curve"
"Harper, Bryce",547180,"double","fly_ball",74.18,105.78,374,102.2,"Curveball"
"Alonso, Pete",624413,"field_out","fly_ball",112.61,42.56,387,97.3,"Slider"
"Harper, Bryce",547180,"double","line_drive",37.87,100.93,276,95.9,"4-Seam Fastball"
"Ohtani, Shohei",660271,"field_out","fly_ball",137.47,49.71,371,97.3,"Cutter"
"Alonso, Pete",624413,"field_out","fly_ball",206.23,76.65,360,101.6,"4-Seam Fastball"
"Harper, Bryce",547180,"double","line_drive",145.45,77.07,223,104.9,"Cutter"
"Soto, Juan",665742,"field_out","fly_ball",58.72,92.58,312,97.8,"4-Seam Fastball"
"Swanson, Dansby",621020,"field_out","ground_ball",111.07,171.12,29,87.9,"Changeup"
"Alonso, Pete",624413,"field_out","fly_ball",51.63,98.72,307,86.3,"Changeup"
"Ohtani, Shohei",660271,"field_out","fly_ball",83.43,105.86,277,82,"Cutter"
"Swanson, Dansby",621020,"field_out","line_drive",194,79.68,340,99.8,"4-Seam Fastball"
